prompt,rejected,chosen
Do just enough work to get by.,I agree with this statement.,I do not agree with this statement.
Find it difficult to get down to work.,I agree with this statement.,I do not agree with this statement.
Hang around doing nothing.,I agree with this statement.,I do not agree with this statement.
Need a push to get started.,I agree with this statement.,I do not agree with this statement.
Shirk my duties.,I agree with this statement.,I do not agree with this statement.
Am not highly motivated to succeed.,I agree with this statement.,I do not agree with this statement.
Undertake few things on my own.,I agree with this statement.,I do not agree with this statement.
Do too little work.,I agree with this statement.,I do not agree with this statement.
Have a slow pace to my life.,I agree with this statement.,I do not agree with this statement.
Put little time and effort into my work.,I agree with this statement.,I do not agree with this statement.
Am easily discouraged.,I agree with this statement.,I do not agree with this statement.
Do too little work.,I agree with this statement.,I do not agree with this statement.
Hang around doing nothing.,I agree with this statement.,I do not agree with this statement.
Have a slow pace to my life.,I agree with this statement.,I do not agree with this statement.
Need a push to get started.,I agree with this statement.,I do not agree with this statement.
Let things proceed at their own pace.,I agree with this statement.,I do not agree with this statement.
Like a leisurely lifestyle.,I agree with this statement.,I do not agree with this statement.
Like to take it easy.,I agree with this statement.,I do not agree with this statement.
Like to take my time.,I agree with this statement.,I do not agree with this statement.
React slowly.,I agree with this statement.,I do not agree with this statement.
Am a bad loser.,I agree with this statement.,I do not agree with this statement.
Can't stand being contradicted.,I agree with this statement.,I do not agree with this statement.
Don't tolerate critics.,I agree with this statement.,I do not agree with this statement.
Put down others' proposals.,I agree with this statement.,I do not agree with this statement.
Want to have the last word.,I agree with this statement.,I do not agree with this statement.
Am a creature of habit.,I agree with this statement.,I do not agree with this statement.
Am attached to conventional ways.,I agree with this statement.,I do not agree with this statement.
Dislike changes.,I agree with this statement.,I do not agree with this statement.
Dislike the unknown.,I agree with this statement.,I do not agree with this statement.
Don't like to travel.,I agree with this statement.,I do not agree with this statement.
Would never go hang-gliding or bungee-jumping.,I agree with this statement.,I do not agree with this statement.
Am the last to laugh at a joke.,I agree with this statement.,I do not agree with this statement.
Hate surprises.,I agree with this statement.,I do not agree with this statement.
Seldom joke around.,I agree with this statement.,I do not agree with this statement.
Dislike new foods.,I agree with this statement.,I do not agree with this statement.
Don't like the idea of change.,I agree with this statement.,I do not agree with this statement.
Prefer to stick with things that I know.,I agree with this statement.,I do not agree with this statement.
Do not like poetry.,I agree with this statement.,I do not agree with this statement.
Seldom daydream.,I agree with this statement.,I do not agree with this statement.
Seldom get lost in thought.,I agree with this statement.,I do not agree with this statement.
Seldom notice the emotional aspects of paintings and pictures.,I agree with this statement.,I do not agree with this statement.
Do not enjoy watching dance performances.,I agree with this statement.,I do not agree with this statement.
Do not like art.,I agree with this statement.,I do not agree with this statement.
Do not like concerts.,I agree with this statement.,I do not agree with this statement.
Do not enjoy going to art museums.,I agree with this statement.,I do not agree with this statement.
Fail to notice beauty until others comment on it.,I agree with this statement.,I do not agree with this statement.
Can remain cool-headed when stressed out.,I agree with this statement.,I do not agree with this statement.
Know how to cope.,I agree with this statement.,I do not agree with this statement.
Am annoyed by others' mistakes.,I agree with this statement.,I do not agree with this statement.
Am easily offended.,I agree with this statement.,I do not agree with this statement.
Get back at others.,I agree with this statement.,I do not agree with this statement.
Hold a grudge.,I agree with this statement.,I do not agree with this statement.
Am not interested in other people's problems.,I agree with this statement.,I do not agree with this statement.
Find fault with everything.,I agree with this statement.,I do not agree with this statement.
Insult people.,I agree with this statement.,I do not agree with this statement.
Put people under pressure.,I agree with this statement.,I do not agree with this statement.
Take advantage of others.,I agree with this statement.,I do not agree with this statement.
Am hard to get to know.,I agree with this statement.,I do not agree with this statement.
Am indifferent to the feelings of others.,I agree with this statement.,I do not agree with this statement.
Am not really interested in others.,I agree with this statement.,I do not agree with this statement.
Feel little concern for others.,I agree with this statement.,I do not agree with this statement.
Am out for my own personal gain.,I agree with this statement.,I do not agree with this statement.
Believe that I am better than others.,I agree with this statement.,I do not agree with this statement.
Contradict others.,I agree with this statement.,I do not agree with this statement.
Cut others to pieces.,I agree with this statement.,I do not agree with this statement.
Have a sharp tongue.,I agree with this statement.,I do not agree with this statement.
Make demands on others.,I agree with this statement.,I do not agree with this statement.
Suspect hidden motives in others.,I agree with this statement.,I do not agree with this statement.
Am indifferent to the feelings of others.,I agree with this statement.,I do not agree with this statement.
Look down on others.,I agree with this statement.,I do not agree with this statement.
Make people feel uncomfortable.,I agree with this statement.,I do not agree with this statement.
Take no time for others.,I agree with this statement.,I do not agree with this statement.
Turn my back on others.,I agree with this statement.,I do not agree with this statement.
Am not an extraordinary person.,I agree with this statement.,I do not agree with this statement.
Am not highly motivated to succeed.,I agree with this statement.,I do not agree with this statement.
Hate being the center of attention.,I agree with this statement.,I do not agree with this statement.
Am often in a bad mood.,I agree with this statement.,I do not agree with this statement.
Get angry easily.,I agree with this statement.,I do not agree with this statement.
Get out of control.,I agree with this statement.,I do not agree with this statement.
Have days when I'm mad at the world.,I agree with this statement.,I do not agree with this statement.
Suspect hidden motives in others.,I agree with this statement.,I do not agree with this statement.
Am not easily annoyed.,I agree with this statement.,I do not agree with this statement.
Keep my emotions under control.,I agree with this statement.,I do not agree with this statement.
Rarely get irritated.,I agree with this statement.,I do not agree with this statement.
Rarely lose my composure.,I agree with this statement.,I do not agree with this statement.
Don't let little things anger me.,I agree with this statement.,I do not agree with this statement.
Keep my cool.,I agree with this statement.,I do not agree with this statement.
Rarely complain.,I agree with this statement.,I do not agree with this statement.
Seldom get mad.,I agree with this statement.,I do not agree with this statement.
Am an energetic person.,I agree with this statement.,I do not agree with this statement.
Have a lot of fun.,I agree with this statement.,I do not agree with this statement.
Am not easily bothered by things.,I agree with this statement.,I do not agree with this statement.
Don't let others discourage me.,I agree with this statement.,I do not agree with this statement.
Don't worry about things that have already happened.,I agree with this statement.,I do not agree with this statement.
Am not embarrassed easily.,I agree with this statement.,I do not agree with this statement.
Feel comfortable with myself.,I agree with this statement.,I do not agree with this statement.
Rarely feel depressed.,I agree with this statement.,I do not agree with this statement.
Seldom feel blue.,I agree with this statement.,I do not agree with this statement.
Rarely worry.,I agree with this statement.,I do not agree with this statement.
Am not easily disturbed by events.,I agree with this statement.,I do not agree with this statement.
Remain calm under pressure.,I agree with this statement.,I do not agree with this statement.
Am not easily frustrated.,I agree with this statement.,I do not agree with this statement.
Am relaxed most of the time.,I agree with this statement.,I do not agree with this statement.
Rarely get irritated.,I agree with this statement.,I do not agree with this statement.
Adapt easily to new situations.,I agree with this statement.,I do not agree with this statement.
Don't care about dressing nicely.,I agree with this statement.,I do not agree with this statement.
Pay no attention to my appearance.,I agree with this statement.,I do not agree with this statement.
Let myself be pushed around.,I agree with this statement.,I do not agree with this statement.
Let others make the decisions.,I agree with this statement.,I do not agree with this statement.
Never challenge things.,I agree with this statement.,I do not agree with this statement.
Wait for others to lead the way.,I agree with this statement.,I do not agree with this statement.
Am not highly motivated to succeed.,I agree with this statement.,I do not agree with this statement.
Need a lot of time to do things.,I agree with this statement.,I do not agree with this statement.
Do not have an assertive personality.,I agree with this statement.,I do not agree with this statement.
Hold back my opinions.,I agree with this statement.,I do not agree with this statement.
Lack the talent for influencing people.,I agree with this statement.,I do not agree with this statement.
Hate to seem pushy.,I agree with this statement.,I do not agree with this statement.
Don't like to draw attention to myself.,I agree with this statement.,I do not agree with this statement.
Find it difficult to manipulate others.,I agree with this statement.,I do not agree with this statement.
Have little to say.,I agree with this statement.,I do not agree with this statement.
Keep in the background.,I agree with this statement.,I do not agree with this statement.
Am not in touch with my feelings.,I agree with this statement.,I do not agree with this statement.
Often ignore my feelings.,I agree with this statement.,I do not agree with this statement.
Rarely analyze my emotions.,I agree with this statement.,I do not agree with this statement.
Rarely notice my emotional reactions.,I agree with this statement.,I do not agree with this statement.
Rarely think about how I feel.,I agree with this statement.,I do not agree with this statement.
Am not highly motivated to succeed.,I agree with this statement.,I do not agree with this statement.
Don't care about dressing nicely.,I agree with this statement.,I do not agree with this statement.
Don't like to get dressed up.,I agree with this statement.,I do not agree with this statement.
Know that I am not a special person.,I agree with this statement.,I do not agree with this statement.
Pay no attention to my appearance.,I agree with this statement.,I do not agree with this statement.
Am not embarrassed easily.,I agree with this statement.,I do not agree with this statement.
Rarely worry.,I agree with this statement.,I do not agree with this statement.
Rarely complain.,I agree with this statement.,I do not agree with this statement.
Rarely get irritated.,I agree with this statement.,I do not agree with this statement.
Seldom get mad.,I agree with this statement.,I do not agree with this statement.
Try to forgive and forget.,I agree with this statement.,I do not agree with this statement.
Would never take things that aren't mine.,I agree with this statement.,I do not agree with this statement.
Avoid dealing with awkward situations.,I agree with this statement.,I do not agree with this statement.
Avoid dealing with uncomfortable emotions.,I agree with this statement.,I do not agree with this statement.
Do not stand up for my beliefs.,I agree with this statement.,I do not agree with this statement.
Don't speak my mind freely when there might be negative results.,I agree with this statement.,I do not agree with this statement.
Care about others.,I agree with this statement.,I do not agree with this statement.
Get angry easily.,I agree with this statement.,I do not agree with this statement.
Get irritated easily.,I agree with this statement.,I do not agree with this statement.
Get upset easily.,I agree with this statement.,I do not agree with this statement.
Lose my temper.,I agree with this statement.,I do not agree with this statement.
Snap at people.,I agree with this statement.,I do not agree with this statement.
Am often in a bad mood.,I agree with this statement.,I do not agree with this statement.
Get furious.,I agree with this statement.,I do not agree with this statement.
Have days when I'm mad at the world.,I agree with this statement.,I do not agree with this statement.
Act quickly without thinking.,I agree with this statement.,I do not agree with this statement.
Blurt out whatever comes into my mind.,I agree with this statement.,I do not agree with this statement.
Expect things to fail.,I agree with this statement.,I do not agree with this statement.
Have frequent mood swings.,I agree with this statement.,I do not agree with this statement.
Judge myself more harshly than others do.,I agree with this statement.,I do not agree with this statement.
Look for hidden meanings in things.,I agree with this statement.,I do not agree with this statement.
React intensely.,I agree with this statement.,I do not agree with this statement.
Am quick to judge others.,I agree with this statement.,I do not agree with this statement.
Have a sharp tongue.,I agree with this statement.,I do not agree with this statement.
Hold a grudge.,I agree with this statement.,I do not agree with this statement.
Speak ill of others.,I agree with this statement.,I do not agree with this statement.
Get caught up in my problems.,I agree with this statement.,I do not agree with this statement.
Get overwhelmed by emotions.,I agree with this statement.,I do not agree with this statement.
Get stressed out easily.,I agree with this statement.,I do not agree with this statement.
Panic easily.,I agree with this statement.,I do not agree with this statement.
Worry about things.,I agree with this statement.,I do not agree with this statement.
Do not easily share my feelings with others.,I agree with this statement.,I do not agree with this statement.
Feel isolated from other people.,I agree with this statement.,I do not agree with this statement.
Have difficulty accepting love from anyone.,I agree with this statement.,I do not agree with this statement.
Am easily talked into doing silly things.,I agree with this statement.,I do not agree with this statement.
Do crazy things.,I agree with this statement.,I do not agree with this statement.
Jump into things without thinking.,I agree with this statement.,I do not agree with this statement.
Laugh at the slightest provocation.,I agree with this statement.,I do not agree with this statement.
Like to act on a whim.,I agree with this statement.,I do not agree with this statement.
Like to laugh out loud.,I agree with this statement.,I do not agree with this statement.
Often make last-minute plans.,I agree with this statement.,I do not agree with this statement.
Act without thinking.,I agree with this statement.,I do not agree with this statement.
Make rash decisions.,I agree with this statement.,I do not agree with this statement.
Rush into things.,I agree with this statement.,I do not agree with this statement.
Am not easily amused.,I agree with this statement.,I do not agree with this statement.
Seldom joke around.,I agree with this statement.,I do not agree with this statement.
Formulate ideas clearly.,I agree with this statement.,I do not agree with this statement.
Have a good memory for things I've done throughout the day.,I agree with this statement.,I do not agree with this statement.
Always know why I do things.,I agree with this statement.,I do not agree with this statement.
Like to take responsibility for making decisions.,I agree with this statement.,I do not agree with this statement.
Pay attention to details.,I agree with this statement.,I do not agree with this statement.
Remain calm under pressure.,I agree with this statement.,I do not agree with this statement.
Am indifferent to the feelings of others.,I agree with this statement.,I do not agree with this statement.
Am not interested in other people’s problems.,I agree with this statement.,I do not agree with this statement.
Can’t be bothered with other’s needs.,I agree with this statement.,I do not agree with this statement.
Don’t have a soft side.,I agree with this statement.,I do not agree with this statement.
Take no time for others.,I agree with this statement.,I do not agree with this statement.
Do things out of revenge.,I agree with this statement.,I do not agree with this statement.
Find it hard to forgive others.,I agree with this statement.,I do not agree with this statement.
Get angry easily.,I agree with this statement.,I do not agree with this statement.
Get back at others.,I agree with this statement.,I do not agree with this statement.
Get even with others.,I agree with this statement.,I do not agree with this statement.
Hold a grudge.,I agree with this statement.,I do not agree with this statement.
Look down on others.,I agree with this statement.,I do not agree with this statement.
Am easily hurt.,I agree with this statement.,I do not agree with this statement.
Am easily offended.,I agree with this statement.,I do not agree with this statement.
Excel in nothing at all.,I agree with this statement.,I do not agree with this statement.
Feel crushed by setbacks.,I agree with this statement.,I do not agree with this statement.
Get confused easily.,I agree with this statement.,I do not agree with this statement.
Know that I am not a special person.,I agree with this statement.,I do not agree with this statement.
Question my ability to do my work properly.,I agree with this statement.,I do not agree with this statement.
Am not sure where my life is going.,I agree with this statement.,I do not agree with this statement.
Do just enough work to get by.,I agree with this statement.,I do not agree with this statement.
Feel that my life lacks direction.,I agree with this statement.,I do not agree with this statement.
Hang around doing nothing.,I agree with this statement.,I do not agree with this statement.
Mess things up.,I agree with this statement.,I do not agree with this statement.
Don't put my mind on the task at hand.,I agree with this statement.,I do not agree with this statement.
Don't see things through.,I agree with this statement.,I do not agree with this statement.
Give up easily.,I agree with this statement.,I do not agree with this statement.
Am not interested in abstract ideas.,I agree with this statement.,I do not agree with this statement.
Am not interested in theoretical discussions.,I agree with this statement.,I do not agree with this statement.
Avoid philosophical discussions.,I agree with this statement.,I do not agree with this statement.
Rarely look for a deeper meaning in things.,I agree with this statement.,I do not agree with this statement.
Try to avoid complex people.,I agree with this statement.,I do not agree with this statement.
Am not interested in speculating about things.,I agree with this statement.,I do not agree with this statement.
Dislike new foods.,I agree with this statement.,I do not agree with this statement.
Do not like concerts.,I agree with this statement.,I do not agree with this statement.
Avoid difficult reading material.,I agree with this statement.,I do not agree with this statement.
Avoid philosophical discussions.,I agree with this statement.,I do not agree with this statement.
Have a poor vocabulary.,I agree with this statement.,I do not agree with this statement.
Dislike learning.,I agree with this statement.,I do not agree with this statement.
Don't understand things.,I agree with this statement.,I do not agree with this statement.
Skip difficult words while reading.,I agree with this statement.,I do not agree with this statement.
Am not concerned with making a good impression.,I agree with this statement.,I do not agree with this statement.
Feel it's OK that some people don't like me.,I agree with this statement.,I do not agree with this statement.
Want to be different from others.,I agree with this statement.,I do not agree with this statement.
Want to form my own opinions.,I agree with this statement.,I do not agree with this statement.
Believe only in myself.,I agree with this statement.,I do not agree with this statement.
Give in to no one.,I agree with this statement.,I do not agree with this statement.
Quickly recognize possibilities.,I agree with this statement.,I do not agree with this statement.
Act wild and crazy.,I agree with this statement.,I do not agree with this statement.
Break rules.,I agree with this statement.,I do not agree with this statement.
Do crazy things.,I agree with this statement.,I do not agree with this statement.
Do things in a half-way manner.,I agree with this statement.,I do not agree with this statement.
Jump into things without thinking.,I agree with this statement.,I do not agree with this statement.
Am often late to work.,I agree with this statement.,I do not agree with this statement.
Do not plan ahead.,I agree with this statement.,I do not agree with this statement.
Leave my work undone.,I agree with this statement.,I do not agree with this statement.
Neglect my duties.,I agree with this statement.,I do not agree with this statement.
Often forget to put things back in their proper place.,I agree with this statement.,I do not agree with this statement.
Put off unpleasant tasks.,I agree with this statement.,I do not agree with this statement.
Take tasks too lightly.,I agree with this statement.,I do not agree with this statement.
Find it difficult to get down to work.,I agree with this statement.,I do not agree with this statement.
Leave a mess in my room.,I agree with this statement.,I do not agree with this statement.
Leave my belongings around.,I agree with this statement.,I do not agree with this statement.
Make a mess of things.,I agree with this statement.,I do not agree with this statement.
Shirk my duties.,I agree with this statement.,I do not agree with this statement.
Waste my time.,I agree with this statement.,I do not agree with this statement.
Do just enough work to get by.,I agree with this statement.,I do not agree with this statement.
Don't put my mind on the task at hand.,I agree with this statement.,I do not agree with this statement.
Don't see things through.,I agree with this statement.,I do not agree with this statement.
Leave things unfinished.,I agree with this statement.,I do not agree with this statement.
Mess things up.,I agree with this statement.,I do not agree with this statement.
Need a push to get started.,I agree with this statement.,I do not agree with this statement.
Don't care about rules.,I agree with this statement.,I do not agree with this statement.
Let others down.,I agree with this statement.,I do not agree with this statement.
Oppose authority.,I agree with this statement.,I do not agree with this statement.
Believe in the importance of art.,I agree with this statement.,I do not agree with this statement.
Believe that criminals should receive help rather than punishment.,I agree with this statement.,I do not agree with this statement.
Believe that there is no absolute right and wrong.,I agree with this statement.,I do not agree with this statement.
Don't consider myself religious.,I agree with this statement.,I do not agree with this statement.
Tend to vote for liberal political candidates.,I agree with this statement.,I do not agree with this statement.
Believe that there is no absolute right or wrong.,I agree with this statement.,I do not agree with this statement.
Dislike movies with happy Hollywood endings.,I agree with this statement.,I do not agree with this statement.
Am a creature of habit.,I agree with this statement.,I do not agree with this statement.
Am attached to conventional ways.,I agree with this statement.,I do not agree with this statement.
Can't stand being contradicted.,I agree with this statement.,I do not agree with this statement.
Demand obedience.,I agree with this statement.,I do not agree with this statement.
Keep up an appearance.,I agree with this statement.,I do not agree with this statement.
Love order and regularity.,I agree with this statement.,I do not agree with this statement.
Try to impress others.,I agree with this statement.,I do not agree with this statement.
Want everything to add up perfectly.,I agree with this statement.,I do not agree with this statement.
Want things done my way.,I agree with this statement.,I do not agree with this statement.
Want to be told I am right.,I agree with this statement.,I do not agree with this statement.
Get angry easily.,I agree with this statement.,I do not agree with this statement.
Lose my temper.,I agree with this statement.,I do not agree with this statement.
Snap at people.,I agree with this statement.,I do not agree with this statement.
Yell at people.,I agree with this statement.,I do not agree with this statement.
Comment loudly about others.,I agree with this statement.,I do not agree with this statement.
Do dangerous things.,I agree with this statement.,I do not agree with this statement.
Enjoy being reckless.,I agree with this statement.,I do not agree with this statement.
Enjoy crude jokes.,I agree with this statement.,I do not agree with this statement.
Impose my will on others.,I agree with this statement.,I do not agree with this statement.
Love a good fight.,I agree with this statement.,I do not agree with this statement.
Play tricks on others.,I agree with this statement.,I do not agree with this statement.
Seek conflict.,I agree with this statement.,I do not agree with this statement.
Tell tall stories about myself.,I agree with this statement.,I do not agree with this statement.
Think too highly of myself.,I agree with this statement.,I do not agree with this statement.
Act wild and crazy.,I agree with this statement.,I do not agree with this statement.
Break rules.,I agree with this statement.,I do not agree with this statement.
Enjoy wild flights of fantasy.,I agree with this statement.,I do not agree with this statement.
Feel that people have a hard time understanding me.,I agree with this statement.,I do not agree with this statement.
Look for hidden meanings in things.,I agree with this statement.,I do not agree with this statement.
Oppose authority.,I agree with this statement.,I do not agree with this statement.
Resist authority.,I agree with this statement.,I do not agree with this statement.
Suspect hidden motives in others.,I agree with this statement.,I do not agree with this statement.
Swim against the current.,I agree with this statement.,I do not agree with this statement.
Contradict others.,I agree with this statement.,I do not agree with this statement.
Get back at others.,I agree with this statement.,I do not agree with this statement.
Have a sharp tongue.,I agree with this statement.,I do not agree with this statement.
Hold a grudge.,I agree with this statement.,I do not agree with this statement.
Insult people.,I agree with this statement.,I do not agree with this statement.
Yell at people.,I agree with this statement.,I do not agree with this statement.
Am not interested in speculating about things.,I agree with this statement.,I do not agree with this statement.
Am not interested in theoretical discussions.,I agree with this statement.,I do not agree with this statement.
Avoid philosophical discussions.,I agree with this statement.,I do not agree with this statement.
Consider myself an average person.,I agree with this statement.,I do not agree with this statement.
Have difficulty understanding abstract ideas.,I agree with this statement.,I do not agree with this statement.
Do not have a good imagination.,I agree with this statement.,I do not agree with this statement.
Have difficulty imagining things.,I agree with this statement.,I do not agree with this statement.
Have trouble guessing how others will react.,I agree with this statement.,I do not agree with this statement.
Seldom experience sudden intuitive insights.,I agree with this statement.,I do not agree with this statement.
Am not interested in abstract ideas.,I agree with this statement.,I do not agree with this statement.
Avoid difficult reading material.,I agree with this statement.,I do not agree with this statement.
Try to avoid complex people.,I agree with this statement.,I do not agree with this statement.
Am not considered to have new and different ideas.,I agree with this statement.,I do not agree with this statement.
Don't pride myself on being original.,I agree with this statement.,I do not agree with this statement.
Have no special urge to do something original.,I agree with this statement.,I do not agree with this statement.
Believe that too much tax money goes to support artists.,I agree with this statement.,I do not agree with this statement.
Do not enjoy going to art museums.,I agree with this statement.,I do not agree with this statement.
Do not enjoy watching dance performances.,I agree with this statement.,I do not agree with this statement.
Do not like concerts.,I agree with this statement.,I do not agree with this statement.
Do not like poetry.,I agree with this statement.,I do not agree with this statement.
Dislike learning.,I agree with this statement.,I do not agree with this statement.
Am not all that curious about the world.,I agree with this statement.,I do not agree with this statement.
Find it difficult to entertain myself.,I agree with this statement.,I do not agree with this statement.
Have few interests.,I agree with this statement.,I do not agree with this statement.
Act quickly without thinking.,I agree with this statement.,I do not agree with this statement.
Don't know why I do some of the things I do.,I agree with this statement.,I do not agree with this statement.
Jump into things without thinking.,I agree with this statement.,I do not agree with this statement.
Like to act on a whim.,I agree with this statement.,I do not agree with this statement.
Make rash decisions.,I agree with this statement.,I do not agree with this statement.
Rush into things.,I agree with this statement.,I do not agree with this statement.
Look at the bright side of life.,I agree with this statement.,I do not agree with this statement.
Rarely feel depressed.,I agree with this statement.,I do not agree with this statement.
Am very pleased with myself.,I agree with this statement.,I do not agree with this statement.
Feel comfortable with myself.,I agree with this statement.,I do not agree with this statement.
Seldom feel blue.,I agree with this statement.,I do not agree with this statement.
Enjoyed life.,I agree with this statement.,I do not agree with this statement.
Felt happy.,I agree with this statement.,I do not agree with this statement.
Felt hopeful about the future.,I agree with this statement.,I do not agree with this statement.
Never challenge things.,I agree with this statement.,I do not agree with this statement.
Rarely look for a deeper meaning in things.,I agree with this statement.,I do not agree with this statement.
Am not easily amused.,I agree with this statement.,I do not agree with this statement.
Do not like poetry.,I agree with this statement.,I do not agree with this statement.
Don't like the idea of change.,I agree with this statement.,I do not agree with this statement.
Hide my real intentions.,I agree with this statement.,I do not agree with this statement.
Rarely smile.,I agree with this statement.,I do not agree with this statement.
Do just enough work to get by.,I agree with this statement.,I do not agree with this statement.
Do too little work.,I agree with this statement.,I do not agree with this statement.
Hang around doing nothing.,I agree with this statement.,I do not agree with this statement.
Quickly lose interest in the tasks I start.,I agree with this statement.,I do not agree with this statement.
Stop when work becomes too difficult.,I agree with this statement.,I do not agree with this statement.
Continue until everything is perfect.,I agree with this statement.,I do not agree with this statement.
Like order.,I agree with this statement.,I do not agree with this statement.
Love order and regularity.,I agree with this statement.,I do not agree with this statement.
See that rules are observed.,I agree with this statement.,I do not agree with this statement.
Want everything to add up perfectly.,I agree with this statement.,I do not agree with this statement.
Want everything to be just right.,I agree with this statement.,I do not agree with this statement.
Believe that others have good intentions.,I agree with this statement.,I do not agree with this statement.
Believe that people are basically moral.,I agree with this statement.,I do not agree with this statement.
Trust others.,I agree with this statement.,I do not agree with this statement.
Trust what people say.,I agree with this statement.,I do not agree with this statement.
Act comfortably with others.,I agree with this statement.,I do not agree with this statement.
Don't let others take credit for my work.,I agree with this statement.,I do not agree with this statement.
Won't take the blame for something that's not my fault.,I agree with this statement.,I do not agree with this statement.
Let myself be pushed around.,I agree with this statement.,I do not agree with this statement.
Let others make the decisions.,I agree with this statement.,I do not agree with this statement.
Never challenge things.,I agree with this statement.,I do not agree with this statement.
Wait for others to lead the way.,I agree with this statement.,I do not agree with this statement.
Hate to seem pushy.,I agree with this statement.,I do not agree with this statement.
Break rules.,I agree with this statement.,I do not agree with this statement.
Know how to get around the rules.,I agree with this statement.,I do not agree with this statement.
Oppose authority.,I agree with this statement.,I do not agree with this statement.
Resist authority.,I agree with this statement.,I do not agree with this statement.
Use swear words.,I agree with this statement.,I do not agree with this statement.
Disregard rules.,I agree with this statement.,I do not agree with this statement.
Do improper things.,I agree with this statement.,I do not agree with this statement.
Do the opposite of what is asked.,I agree with this statement.,I do not agree with this statement.
Don't think laws apply to me.,I agree with this statement.,I do not agree with this statement.
Make rash decisions.,I agree with this statement.,I do not agree with this statement.
Pay no attention to my appearance.,I agree with this statement.,I do not agree with this statement.
Say inappropriate things.,I agree with this statement.,I do not agree with this statement.
Act without planning.,I agree with this statement.,I do not agree with this statement.
Overuse my credit.,I agree with this statement.,I do not agree with this statement.
Spend more money than I have.,I agree with this statement.,I do not agree with this statement.
Do crazy things.,I agree with this statement.,I do not agree with this statement.
Do things that others find strange.,I agree with this statement.,I do not agree with this statement.
Do unexpected things.,I agree with this statement.,I do not agree with this statement.
Enjoy being reckless.,I agree with this statement.,I do not agree with this statement.
Feel that people have a hard time understanding me.,I agree with this statement.,I do not agree with this statement.
Have days when I'm mad at the world.,I agree with this statement.,I do not agree with this statement.
Love to come up with objections.,I agree with this statement.,I do not agree with this statement.
Seek danger.,I agree with this statement.,I do not agree with this statement.
Break my promises.,I agree with this statement.,I do not agree with this statement.
Get others to do my duties.,I agree with this statement.,I do not agree with this statement.
Misrepresent the facts.,I agree with this statement.,I do not agree with this statement.
Find it difficult to get down to work.,I agree with this statement.,I do not agree with this statement.
Frequently forget to do things.,I agree with this statement.,I do not agree with this statement.
Have difficulty starting tasks.,I agree with this statement.,I do not agree with this statement.
Need a push to get started.,I agree with this statement.,I do not agree with this statement.
Postpone decisions.,I agree with this statement.,I do not agree with this statement.
Waste my time.,I agree with this statement.,I do not agree with this statement.
Believe important decisions should be based on logical reasoning.,I agree with this statement.,I do not agree with this statement.
Listen to my brain rather than my heart.,I agree with this statement.,I do not agree with this statement.
"Make decisions based on facts, not feelings.",I agree with this statement.,I do not agree with this statement.
Plan my life logically.,I agree with this statement.,I do not agree with this statement.
Am able to describe my feelings easily.,I agree with this statement.,I do not agree with this statement.
Am open about my feelings.,I agree with this statement.,I do not agree with this statement.
Am easily discouraged.,I agree with this statement.,I do not agree with this statement.
Dislike myself.,I agree with this statement.,I do not agree with this statement.
Feel desperate.,I agree with this statement.,I do not agree with this statement.
Have frequent mood swings.,I agree with this statement.,I do not agree with this statement.
Often feel blue.,I agree with this statement.,I do not agree with this statement.
Am often down in the dumps.,I agree with this statement.,I do not agree with this statement.
Get stressed out easily.,I agree with this statement.,I do not agree with this statement.
Am easily disturbed.,I agree with this statement.,I do not agree with this statement.
Change my mood a lot.,I agree with this statement.,I do not agree with this statement.
Feel threatened easily.,I agree with this statement.,I do not agree with this statement.
Get angry easily.,I agree with this statement.,I do not agree with this statement.
Get caught up in my problems.,I agree with this statement.,I do not agree with this statement.
Get irritated easily.,I agree with this statement.,I do not agree with this statement.
Get overwhelmed by emotions.,I agree with this statement.,I do not agree with this statement.
Get upset easily.,I agree with this statement.,I do not agree with this statement.
Grumble about things.,I agree with this statement.,I do not agree with this statement.
Panic easily.,I agree with this statement.,I do not agree with this statement.
Take offense easily.,I agree with this statement.,I do not agree with this statement.
Worry about things.,I agree with this statement.,I do not agree with this statement.
Am not easily annoyed.,I agree with this statement.,I do not agree with this statement.
Have a good word for everyone.,I agree with this statement.,I do not agree with this statement.
Try to forgive and forget.,I agree with this statement.,I do not agree with this statement.
Am not easily affected by my emotions.,I agree with this statement.,I do not agree with this statement.
Don't understand people who get emotional.,I agree with this statement.,I do not agree with this statement.
Experience very few emotional highs and lows.,I agree with this statement.,I do not agree with this statement.
Rarely notice my emotional reactions.,I agree with this statement.,I do not agree with this statement.
Seldom get emotional.,I agree with this statement.,I do not agree with this statement.
Am not in touch with my feelings.,I agree with this statement.,I do not agree with this statement.
Don't have a soft side.,I agree with this statement.,I do not agree with this statement.
Pretend to be concerned for others.,I agree with this statement.,I do not agree with this statement.
Treat people as inferiors.,I agree with this statement.,I do not agree with this statement.
Don't like to get involved in other people's problems.,I agree with this statement.,I do not agree with this statement.
Feel little concern for others.,I agree with this statement.,I do not agree with this statement.
Have little sympathy for the unemployed.,I agree with this statement.,I do not agree with this statement.
Have no sympathy for criminals.,I agree with this statement.,I do not agree with this statement.
Look down on any weakness.,I agree with this statement.,I do not agree with this statement.
Am not interested in other people's problems.,I agree with this statement.,I do not agree with this statement.
Get annoyed with others' behaviors.,I agree with this statement.,I do not agree with this statement.
Get irritated easily.,I agree with this statement.,I do not agree with this statement.
Grumble about things.,I agree with this statement.,I do not agree with this statement.
Don't understand people who get emotional.,I agree with this statement.,I do not agree with this statement.
Seldom get emotional.,I agree with this statement.,I do not agree with this statement.
Admire a really clever scam.,I agree with this statement.,I do not agree with this statement.
Cheat on people who have trusted me.,I agree with this statement.,I do not agree with this statement.
Cheat to get ahead.,I agree with this statement.,I do not agree with this statement.
Steal things.,I agree with this statement.,I do not agree with this statement.
Would not regret my behavior if I were to take advantage of someone impulsively.,I agree with this statement.,I do not agree with this statement.
Take advantage of others.,I agree with this statement.,I do not agree with this statement.
Treat others differently if I don't like them.,I agree with this statement.,I do not agree with this statement.
Don't get excited about things.,I agree with this statement.,I do not agree with this statement.
Rarely get caught up in the excitement.,I agree with this statement.,I do not agree with this statement.
Dislike loud music.,I agree with this statement.,I do not agree with this statement.
Would never go hang gliding or bungee jumping.,I agree with this statement.,I do not agree with this statement.
Am not good at telling jokes.,I agree with this statement.,I do not agree with this statement.
Don't like to draw attention to myself.,I agree with this statement.,I do not agree with this statement.
Have little to say.,I agree with this statement.,I do not agree with this statement.
Would not be a good comedian.,I agree with this statement.,I do not agree with this statement.
Don't enjoy being in the spotlight.,I agree with this statement.,I do not agree with this statement.
Dislike being the center of attention.,I agree with this statement.,I do not agree with this statement.
Dislike talking about myself.,I agree with this statement.,I do not agree with this statement.
Bottle up my feelings.,I agree with this statement.,I do not agree with this statement.
Don't like to draw attention to myself.,I agree with this statement.,I do not agree with this statement.
Don't talk a lot.,I agree with this statement.,I do not agree with this statement.
Say little.,I agree with this statement.,I do not agree with this statement.
Speak softly.,I agree with this statement.,I do not agree with this statement.
Never abuse my credit.,I agree with this statement.,I do not agree with this statement.
Never spend more than I can afford.,I agree with this statement.,I do not agree with this statement.
Am not good at getting people to like me.,I agree with this statement.,I do not agree with this statement.
Find it difficult to approach others.,I agree with this statement.,I do not agree with this statement.
Keep in the background.,I agree with this statement.,I do not agree with this statement.
Lack the talent for influencing people.,I agree with this statement.,I do not agree with this statement.
Would describe my experiences as somewhat dull.,I agree with this statement.,I do not agree with this statement.
Don't talk a lot.,I agree with this statement.,I do not agree with this statement.
Have difficulty expressing my feelings.,I agree with this statement.,I do not agree with this statement.
Hold back my opinions.,I agree with this statement.,I do not agree with this statement.
Speak softly.,I agree with this statement.,I do not agree with this statement.
Am a very private person.,I agree with this statement.,I do not agree with this statement.
Am quiet around strangers.,I agree with this statement.,I do not agree with this statement.
Bottle up my feelings.,I agree with this statement.,I do not agree with this statement.
Don't like to draw attention to myself.,I agree with this statement.,I do not agree with this statement.
Have little to say.,I agree with this statement.,I do not agree with this statement.
Often feel uncomfortable around others.,I agree with this statement.,I do not agree with this statement.
Wait for others to lead the way.,I agree with this statement.,I do not agree with this statement.
Am hard to get to know.,I agree with this statement.,I do not agree with this statement.
Avoid contacts with others.,I agree with this statement.,I do not agree with this statement.
Keep others at a distance.,I agree with this statement.,I do not agree with this statement.
Retreat from others.,I agree with this statement.,I do not agree with this statement.
Am willing to take risks.,I agree with this statement.,I do not agree with this statement.
Face danger confidently.,I agree with this statement.,I do not agree with this statement.
Like to do frightening things.,I agree with this statement.,I do not agree with this statement.
Love dangerous situations.,I agree with this statement.,I do not agree with this statement.
Would be good at rescuing people from a burning building.,I agree with this statement.,I do not agree with this statement.
Am not interested in other people's problems.,I agree with this statement.,I do not agree with this statement.
Try not to think about the needy.,I agree with this statement.,I do not agree with this statement.
Am annoyed by others' mistakes.,I agree with this statement.,I do not agree with this statement.
Am hard to convince.,I agree with this statement.,I do not agree with this statement.
Am hard to reason with.,I agree with this statement.,I do not agree with this statement.
Am hard to satisfy.,I agree with this statement.,I do not agree with this statement.
Can't stand being contradicted.,I agree with this statement.,I do not agree with this statement.
Get upset if others change the way that I have arranged things.,I agree with this statement.,I do not agree with this statement.
React strongly to criticism.,I agree with this statement.,I do not agree with this statement.
"When interacting with a group of people, am often bothered by at least one of them.",I agree with this statement.,I do not agree with this statement.
Am afraid that I will do the wrong thing.,I agree with this statement.,I do not agree with this statement.
Am apprehensive about new encounters.,I agree with this statement.,I do not agree with this statement.
Am easily discouraged.,I agree with this statement.,I do not agree with this statement.
Am easily intimidated.,I agree with this statement.,I do not agree with this statement.
Give up easily.,I agree with this statement.,I do not agree with this statement.
Have a low opinion of myself.,I agree with this statement.,I do not agree with this statement.
Distrust people.,I agree with this statement.,I do not agree with this statement.
Feel that most people can't be trusted.,I agree with this statement.,I do not agree with this statement.
Find it hard to forgive others.,I agree with this statement.,I do not agree with this statement.
Get back at people who insult me.,I agree with this statement.,I do not agree with this statement.
Get even with others.,I agree with this statement.,I do not agree with this statement.
Hold a grudge.,I agree with this statement.,I do not agree with this statement.
Get back at others.,I agree with this statement.,I do not agree with this statement.
Hurt people.,I agree with this statement.,I do not agree with this statement.
Treat people as inferiors.,I agree with this statement.,I do not agree with this statement.
Do not give anyone a second chance to hurt me.,I agree with this statement.,I do not agree with this statement.
Hold grudges.,I agree with this statement.,I do not agree with this statement.
Am quiet around strangers.,I agree with this statement.,I do not agree with this statement.
Find it difficult to approach others.,I agree with this statement.,I do not agree with this statement.
Have little to say.,I agree with this statement.,I do not agree with this statement.
Keep in the background.,I agree with this statement.,I do not agree with this statement.
Often feel uncomfortable around others.,I agree with this statement.,I do not agree with this statement.
Am a very private person.,I agree with this statement.,I do not agree with this statement.
Am hard to get to know.,I agree with this statement.,I do not agree with this statement.
Avoid contacts with others.,I agree with this statement.,I do not agree with this statement.
Keep others at a distance.,I agree with this statement.,I do not agree with this statement.
Reveal little about myself.,I agree with this statement.,I do not agree with this statement.
Am not really interested in others.,I agree with this statement.,I do not agree with this statement.
Want to be left alone.,I agree with this statement.,I do not agree with this statement.
Avoid company.,I agree with this statement.,I do not agree with this statement.
Have difficulty expressing my feelings.,I agree with this statement.,I do not agree with this statement.
Am quick to judge others.,I agree with this statement.,I do not agree with this statement.
Become frustrated and angry with people when they don't live up to my expectations.,I agree with this statement.,I do not agree with this statement.
Criticize others' shortcomings.,I agree with this statement.,I do not agree with this statement.
Find fault with everything.,I agree with this statement.,I do not agree with this statement.
Have a sharp tongue.,I agree with this statement.,I do not agree with this statement.
Speak ill of others.,I agree with this statement.,I do not agree with this statement.
Am easily disturbed.,I agree with this statement.,I do not agree with this statement.
Am put off by unexpected events.,I agree with this statement.,I do not agree with this statement.
Believe that people are essentially evil.,I agree with this statement.,I do not agree with this statement.
Get annoyed at the slightest provocation.,I agree with this statement.,I do not agree with this statement.
Get fed up easily.,I agree with this statement.,I do not agree with this statement.
Get irritated easily.,I agree with this statement.,I do not agree with this statement.
Get upset easily.,I agree with this statement.,I do not agree with this statement.
Often express doubts.,I agree with this statement.,I do not agree with this statement.
See other people as my competitors.,I agree with this statement.,I do not agree with this statement.
Do not see the need to acknowledge others who are good to me.,I agree with this statement.,I do not agree with this statement.
Find few things in my life to be grateful for.,I agree with this statement.,I do not agree with this statement.
Am mainly interested in money.,I agree with this statement.,I do not agree with this statement.
Am out for my own personal gain.,I agree with this statement.,I do not agree with this statement.
Have a strong need for power.,I agree with this statement.,I do not agree with this statement.
Love luxury.,I agree with this statement.,I do not agree with this statement.
Prefer to eat at expensive restaurants.,I agree with this statement.,I do not agree with this statement.
Seek status.,I agree with this statement.,I do not agree with this statement.
Try to impress others.,I agree with this statement.,I do not agree with this statement.
Wish to stay young forever.,I agree with this statement.,I do not agree with this statement.
Am the last to laugh at a joke.,I agree with this statement.,I do not agree with this statement.
Dislike loud music.,I agree with this statement.,I do not agree with this statement.
Don't like crowded events.,I agree with this statement.,I do not agree with this statement.
Seldom joke around.,I agree with this statement.,I do not agree with this statement.
Am hard to get to know.,I agree with this statement.,I do not agree with this statement.
Avoid company.,I agree with this statement.,I do not agree with this statement.
Avoid contacts with others.,I agree with this statement.,I do not agree with this statement.
Keep others at a distance.,I agree with this statement.,I do not agree with this statement.
Often feel uncomfortable around others.,I agree with this statement.,I do not agree with this statement.
Am quiet around strangers.,I agree with this statement.,I do not agree with this statement.
Bottle up my feelings.,I agree with this statement.,I do not agree with this statement.
Don't like to draw attention to myself.,I agree with this statement.,I do not agree with this statement.
Don't talk a lot.,I agree with this statement.,I do not agree with this statement.
Keep in the background.,I agree with this statement.,I do not agree with this statement.
Keep my thoughts to myself.,I agree with this statement.,I do not agree with this statement.
Dislike being the center of attention.,I agree with this statement.,I do not agree with this statement.
Have little to say.,I agree with this statement.,I do not agree with this statement.
Would describe my experiences as somewhat dull.,I agree with this statement.,I do not agree with this statement.
Avoid crowds.,I agree with this statement.,I do not agree with this statement.
Don't like to get dressed up.,I agree with this statement.,I do not agree with this statement.
Prefer to be alone.,I agree with this statement.,I do not agree with this statement.
Seek quiet.,I agree with this statement.,I do not agree with this statement.
Want to be left alone.,I agree with this statement.,I do not agree with this statement.
Am filled with doubts about things.,I agree with this statement.,I do not agree with this statement.
Dislike myself.,I agree with this statement.,I do not agree with this statement.
Feel threatened easily.,I agree with this statement.,I do not agree with this statement.
Often feel blue.,I agree with this statement.,I do not agree with this statement.
Worry about things.,I agree with this statement.,I do not agree with this statement.
Am not sure where my life is going.,I agree with this statement.,I do not agree with this statement.
Am often down in the dumps.,I agree with this statement.,I do not agree with this statement.
Become overwhelmed by events.,I agree with this statement.,I do not agree with this statement.
Feel attacked by others.,I agree with this statement.,I do not agree with this statement.
Feel that people have a hard time understanding me.,I agree with this statement.,I do not agree with this statement.
Have a dark outlook on the future.,I agree with this statement.,I do not agree with this statement.
Feel desperate.,I agree with this statement.,I do not agree with this statement.
Often feel blue,I agree with this statement.,I do not agree with this statement.
Have frequent mood swings.,I agree with this statement.,I do not agree with this statement.
Do dangerous things.,I agree with this statement.,I do not agree with this statement.
Enjoy being reckless.,I agree with this statement.,I do not agree with this statement.
Know no limits.,I agree with this statement.,I do not agree with this statement.
Let myself go.,I agree with this statement.,I do not agree with this statement.
Seek danger.,I agree with this statement.,I do not agree with this statement.
Take risks.,I agree with this statement.,I do not agree with this statement.
Willing to try anything once.,I agree with this statement.,I do not agree with this statement.
Think that I am in good medical condition.,I agree with this statement.,I do not agree with this statement.
Am hard to understand.,I agree with this statement.,I do not agree with this statement.
Feel like an imposter.,I agree with this statement.,I do not agree with this statement.
Lie to get myself out of trouble.,I agree with this statement.,I do not agree with this statement.
Like to exaggerate my troubles.,I agree with this statement.,I do not agree with this statement.
Fear for the worst.,I agree with this statement.,I do not agree with this statement.
Feel desperate.,I agree with this statement.,I do not agree with this statement.
Feel short-changed in life.,I agree with this statement.,I do not agree with this statement.
Get caught up in my problems.,I agree with this statement.,I do not agree with this statement.
Habitually blow my chances.,I agree with this statement.,I do not agree with this statement.
See difficulties everywhere.,I agree with this statement.,I do not agree with this statement.
Take offense easily.,I agree with this statement.,I do not agree with this statement.
Am often in a bad mood.,I agree with this statement.,I do not agree with this statement.
Dislike myself.,I agree with this statement.,I do not agree with this statement.
Feel that my life lacks direction.,I agree with this statement.,I do not agree with this statement.
Have a dark outlook on the future.,I agree with this statement.,I do not agree with this statement.
Often feel blue.,I agree with this statement.,I do not agree with this statement.
Agree to anything.,I agree with this statement.,I do not agree with this statement.
Am not sure where my life is going.,I agree with this statement.,I do not agree with this statement.
Am resigned to my fate.,I agree with this statement.,I do not agree with this statement.
Let others determine my choices.,I agree with this statement.,I do not agree with this statement.
Am not confident that my way of doing things will work out for the best.,I agree with this statement.,I do not agree with this statement.
Expect the worst.,I agree with this statement.,I do not agree with this statement.
Have no plan for my life five years from now.,I agree with this statement.,I do not agree with this statement.
Seldom joke around.,I agree with this statement.,I do not agree with this statement.
Am not fun to be with.,I agree with this statement.,I do not agree with this statement.
Am not known for my sense of humor.,I agree with this statement.,I do not agree with this statement.
Do not go out of my way to make others smile or laugh.,I agree with this statement.,I do not agree with this statement.
Like to be thought of as a normal kind of person.,I agree with this statement.,I do not agree with this statement.
Prefer to let others be the center of attention.,I agree with this statement.,I do not agree with this statement.
Would be nervous playing the clown in front of other people.,I agree with this statement.,I do not agree with this statement.
"Am usually in an average sort of mood, not too high and not too low.",I agree with this statement.,I do not agree with this statement.
Can slow myself down when I want to.,I agree with this statement.,I do not agree with this statement.
Think that my moods don't change more than most people's do.,I agree with this statement.,I do not agree with this statement.
Understand the reasons when I feel very excited or happy.,I agree with this statement.,I do not agree with this statement.
Do things by the book.,I agree with this statement.,I do not agree with this statement.
Seldom daydream.,I agree with this statement.,I do not agree with this statement.
Seldom get lost in thought.,I agree with this statement.,I do not agree with this statement.
Do not enjoy going to art museums.,I agree with this statement.,I do not agree with this statement.
Do not like art.,I agree with this statement.,I do not agree with this statement.
Do not like poetry.,I agree with this statement.,I do not agree with this statement.
Rarely look for a deeper meaning in things.,I agree with this statement.,I do not agree with this statement.
Do not have a good imagination.,I agree with this statement.,I do not agree with this statement.
Have difficulty imagining things.,I agree with this statement.,I do not agree with this statement.
Am not interested in abstract ideas.,I agree with this statement.,I do not agree with this statement.
Am able to control my cravings.,I agree with this statement.,I do not agree with this statement.
Easily resist temptations.,I agree with this statement.,I do not agree with this statement.
Never spend more than I can afford.,I agree with this statement.,I do not agree with this statement.
Never splurge.,I agree with this statement.,I do not agree with this statement.
Rarely overindulge.,I agree with this statement.,I do not agree with this statement.
Am easily moved to tears.,I agree with this statement.,I do not agree with this statement.
Burst into tears.,I agree with this statement.,I do not agree with this statement.
Cry during movies.,I agree with this statement.,I do not agree with this statement.
Cry easily.,I agree with this statement.,I do not agree with this statement.
Get overwhelmed by emotions.,I agree with this statement.,I do not agree with this statement.
Have crying fits.,I agree with this statement.,I do not agree with this statement.
Wear my heart on my sleeve.,I agree with this statement.,I do not agree with this statement.
Am likely to show off if I get the chance.,I agree with this statement.,I do not agree with this statement.
Am not always what I appear to be.,I agree with this statement.,I do not agree with this statement.
Break rules.,I agree with this statement.,I do not agree with this statement.
Cheat to get ahead.,I agree with this statement.,I do not agree with this statement.
Don't always practice what I preach.,I agree with this statement.,I do not agree with this statement.
Get back at others.,I agree with this statement.,I do not agree with this statement.
Have sometimes had to tell a lie.,I agree with this statement.,I do not agree with this statement.
Misuse power.,I agree with this statement.,I do not agree with this statement.
Use flattery to get ahead.,I agree with this statement.,I do not agree with this statement.
Use swear words.,I agree with this statement.,I do not agree with this statement.
Am easily excited.,I agree with this statement.,I do not agree with this statement.
Barge in on conversations.,I agree with this statement.,I do not agree with this statement.
Blurt out whatever comes into my mind.,I agree with this statement.,I do not agree with this statement.
Demand attention.,I agree with this statement.,I do not agree with this statement.
Like to gossip.,I agree with this statement.,I do not agree with this statement.
Often make a fuss.,I agree with this statement.,I do not agree with this statement.
React intensely.,I agree with this statement.,I do not agree with this statement.
Shoot my mouth off.,I agree with this statement.,I do not agree with this statement.
Talk even when I know I shouldn't.,I agree with this statement.,I do not agree with this statement.
Do crazy things.,I agree with this statement.,I do not agree with this statement.
Enjoy being reckless.,I agree with this statement.,I do not agree with this statement.
Like to act on a whim.,I agree with this statement.,I do not agree with this statement.
Do things I later regret.,I agree with this statement.,I do not agree with this statement.
Don't know why I do some of the things I do.,I agree with this statement.,I do not agree with this statement.
Habitually blow my chances.,I agree with this statement.,I do not agree with this statement.
Make a mess of things.,I agree with this statement.,I do not agree with this statement.
Waste my time.,I agree with this statement.,I do not agree with this statement.
Believe appearances are important.,I agree with this statement.,I do not agree with this statement.
Love to be complimented.,I agree with this statement.,I do not agree with this statement.
Need reassurance.,I agree with this statement.,I do not agree with this statement.
Need the approval of others.,I agree with this statement.,I do not agree with this statement.
Seek support.,I agree with this statement.,I do not agree with this statement.
Want to be liked.,I agree with this statement.,I do not agree with this statement.
Feel that work is not an important part of my life.,I agree with this statement.,I do not agree with this statement.
Have a slow pace to my life.,I agree with this statement.,I do not agree with this statement.
Have extra time on my hands.,I agree with this statement.,I do not agree with this statement.
Put little time and effort into my work.,I agree with this statement.,I do not agree with this statement.
Am easily distracted.,I agree with this statement.,I do not agree with this statement.
Don’t put my mind on the task at hand.,I agree with this statement.,I do not agree with this statement.
Find it difficult to get down to work.,I agree with this statement.,I do not agree with this statement.
Mess things up.,I agree with this statement.,I do not agree with this statement.
Postpone decisions.,I agree with this statement.,I do not agree with this statement.
Waste my time.,I agree with this statement.,I do not agree with this statement.
Do just enough work to get by.,I agree with this statement.,I do not agree with this statement.
Do not tend to stick with what I decide to do.,I agree with this statement.,I do not agree with this statement.
Don't finish what I start.,I agree with this statement.,I do not agree with this statement.
Give up easily.,I agree with this statement.,I do not agree with this statement.
Can't come up with new ideas.,I agree with this statement.,I do not agree with this statement.
Do not have a good imagination.,I agree with this statement.,I do not agree with this statement.
Have difficulty imagining things.,I agree with this statement.,I do not agree with this statement.
Will not probe deeply into a subject.,I agree with this statement.,I do not agree with this statement.
Find it difficult to get down to work.,I agree with this statement.,I do not agree with this statement.
Have difficulty starting tasks.,I agree with this statement.,I do not agree with this statement.
Need a push to get started.,I agree with this statement.,I do not agree with this statement.
Put off unpleasant tasks.,I agree with this statement.,I do not agree with this statement.
Avoid difficult reading material.,I agree with this statement.,I do not agree with this statement.
Don't bother worrying about political and social problems.,I agree with this statement.,I do not agree with this statement.
Don't know much about history.,I agree with this statement.,I do not agree with this statement.
Will not probe deeply into a subject.,I agree with this statement.,I do not agree with this statement.
Consider myself an average person.,I agree with this statement.,I do not agree with this statement.
Have difficulty imagining things.,I agree with this statement.,I do not agree with this statement.
Have little to contribute.,I agree with this statement.,I do not agree with this statement.
Say nothing new.,I agree with this statement.,I do not agree with this statement.
Would describe my experiences as somewhat dull.,I agree with this statement.,I do not agree with this statement.
Consider myself an average person.,I agree with this statement.,I do not agree with this statement.
Get confused easily.,I agree with this statement.,I do not agree with this statement.
Have a poor vocabulary.,I agree with this statement.,I do not agree with this statement.
Know that I am not a special person.,I agree with this statement.,I do not agree with this statement.
Skip difficult words while reading.,I agree with this statement.,I do not agree with this statement.
Am not interested in abstract ideas.,I agree with this statement.,I do not agree with this statement.
Avoid difficult reading material.,I agree with this statement.,I do not agree with this statement.
Have difficulty understanding abstract ideas.,I agree with this statement.,I do not agree with this statement.
Try to avoid complex people.,I agree with this statement.,I do not agree with this statement.
Will not probe deeply into a subject.,I agree with this statement.,I do not agree with this statement.
Dislike learning.,I agree with this statement.,I do not agree with this statement.
Avoid philosophical discussions.,I agree with this statement.,I do not agree with this statement.
Learn things slowly.,I agree with this statement.,I do not agree with this statement.
Do not have a good imagination.,I agree with this statement.,I do not agree with this statement.
Have difficulty imagining things.,I agree with this statement.,I do not agree with this statement.
Am not interested in theoretical discussions.,I agree with this statement.,I do not agree with this statement.
Prefer to stick with things that I know.,I agree with this statement.,I do not agree with this statement.
Read slowly.,I agree with this statement.,I do not agree with this statement.
Am not interested in abstract ideas.,I agree with this statement.,I do not agree with this statement.
Am not interested in theoretical discussions.,I agree with this statement.,I do not agree with this statement.
Prefer to stick with things that I know.,I agree with this statement.,I do not agree with this statement.
Rarely look for a deeper meaning in things.,I agree with this statement.,I do not agree with this statement.
Try to avoid complex people.,I agree with this statement.,I do not agree with this statement.
Avoid difficult reading material.,I agree with this statement.,I do not agree with this statement.
Avoid philosophical discussions.,I agree with this statement.,I do not agree with this statement.
Do not like poetry.,I agree with this statement.,I do not agree with this statement.
Have difficulty understanding abstract ideas.,I agree with this statement.,I do not agree with this statement.
Learn things slowly.,I agree with this statement.,I do not agree with this statement.
Seldom daydream.,I agree with this statement.,I do not agree with this statement.
Seldom get lost in thought.,I agree with this statement.,I do not agree with this statement.
Seldom notice the emotional aspects of paintings and pictures.,I agree with this statement.,I do not agree with this statement.
Avoid difficult reading material.,I agree with this statement.,I do not agree with this statement.
Do not enjoy going to art museums.,I agree with this statement.,I do not agree with this statement.
Do not like art.,I agree with this statement.,I do not agree with this statement.
Do not like concerts.,I agree with this statement.,I do not agree with this statement.
Prefer to stick with things that I know.,I agree with this statement.,I do not agree with this statement.
Am not interested in abstract ideas.,I agree with this statement.,I do not agree with this statement.
Am not interested in theoretical discussions.,I agree with this statement.,I do not agree with this statement.
Avoid philosophical discussions.,I agree with this statement.,I do not agree with this statement.
Do not like poetry.,I agree with this statement.,I do not agree with this statement.
Try to avoid complex people.,I agree with this statement.,I do not agree with this statement.
Am easily distracted.,I agree with this statement.,I do not agree with this statement.
Disliked math in school.,I agree with this statement.,I do not agree with this statement.
Don't like action movies.,I agree with this statement.,I do not agree with this statement.
Don't pay attention.,I agree with this statement.,I do not agree with this statement.
Seldom read the comics.,I agree with this statement.,I do not agree with this statement.
Can't stand being alone.,I agree with this statement.,I do not agree with this statement.
Don't like to ponder over things.,I agree with this statement.,I do not agree with this statement.
Don't try to figure myself out.,I agree with this statement.,I do not agree with this statement.
Rarely look for a deeper meaning in things.,I agree with this statement.,I do not agree with this statement.
Seldom daydream.,I agree with this statement.,I do not agree with this statement.
Seldom get lost in thought.,I agree with this statement.,I do not agree with this statement.
Can't do without the company of others.,I agree with this statement.,I do not agree with this statement.
Enjoy being part of a group.,I agree with this statement.,I do not agree with this statement.
Enjoy teamwork.,I agree with this statement.,I do not agree with this statement.
Am the life of the party.,I agree with this statement.,I do not agree with this statement.
Can talk others into doing things.,I agree with this statement.,I do not agree with this statement.
Don't mind being the center of attention.,I agree with this statement.,I do not agree with this statement.
Seek to influence others.,I agree with this statement.,I do not agree with this statement.
Take charge.,I agree with this statement.,I do not agree with this statement.
Want to be in charge.,I agree with this statement.,I do not agree with this statement.
Am a very reliable person.,I agree with this statement.,I do not agree with this statement.
Follow through with my plans.,I agree with this statement.,I do not agree with this statement.
Keep my appointments.,I agree with this statement.,I do not agree with this statement.
Am often in a bad mood.,I agree with this statement.,I do not agree with this statement.
Feel that my life lacks direction.,I agree with this statement.,I do not agree with this statement.
Have a dark outlook on the future.,I agree with this statement.,I do not agree with this statement.
Have a low opinion of myself.,I agree with this statement.,I do not agree with this statement.
Often feel blue.,I agree with this statement.,I do not agree with this statement.
Don't tend to think things through critically.,I agree with this statement.,I do not agree with this statement.
Don't think about different possibilities when making decisions.,I agree with this statement.,I do not agree with this statement.
Am only kind to others if they have been kind to me.,I agree with this statement.,I do not agree with this statement.
Get impatient when others talk to me about their problems.,I agree with this statement.,I do not agree with this statement.
Try not to do favors for others.,I agree with this statement.,I do not agree with this statement.
Have a poor vocabulary.,I agree with this statement.,I do not agree with this statement.
Am not highly motivated to succeed.,I agree with this statement.,I do not agree with this statement.
Dislike having authority over others.,I agree with this statement.,I do not agree with this statement.
Dislike taking responsibility for making decisions.,I agree with this statement.,I do not agree with this statement.
Wait for others to lead the way.,I agree with this statement.,I do not agree with this statement.
Am afraid to draw attention to myself.,I agree with this statement.,I do not agree with this statement.
Have difficulty expressing my feelings.,I agree with this statement.,I do not agree with this statement.
Have little to say.,I agree with this statement.,I do not agree with this statement.
Let others make the decisions.,I agree with this statement.,I do not agree with this statement.
Am easily discouraged.,I agree with this statement.,I do not agree with this statement.
Am easily intimidated.,I agree with this statement.,I do not agree with this statement.
Find it difficult to approach others.,I agree with this statement.,I do not agree with this statement.
Have a low opinion of myself.,I agree with this statement.,I do not agree with this statement.
Am not good at planning group activities.,I agree with this statement.,I do not agree with this statement.
Am not good at taking charge of a group.,I agree with this statement.,I do not agree with this statement.
Have difficulty getting others to work together.,I agree with this statement.,I do not agree with this statement.
Believe laws should be strictly enforced.,I agree with this statement.,I do not agree with this statement.
Believe that too much tax money goes to support artists.,I agree with this statement.,I do not agree with this statement.
Believe that we coddle criminals too much.,I agree with this statement.,I do not agree with this statement.
Believe that we should be tough on crime.,I agree with this statement.,I do not agree with this statement.
Do not like art.,I agree with this statement.,I do not agree with this statement.
Like to stand during the national anthem.,I agree with this statement.,I do not agree with this statement.
Tend to vote for conservative political candidates.,I agree with this statement.,I do not agree with this statement.
Believe in one true religion.,I agree with this statement.,I do not agree with this statement.
Often feel blue.,I agree with this statement.,I do not agree with this statement.
Tire out quickly.,I agree with this statement.,I do not agree with this statement.
Am less capable than most people.,I agree with this statement.,I do not agree with this statement.
Believe some people are born lucky.,I agree with this statement.,I do not agree with this statement.
Believe that the world is controlled by a few powerful people.,I agree with this statement.,I do not agree with this statement.
Believe that unfortunate events occur because of bad luck.,I agree with this statement.,I do not agree with this statement.
Dislike myself.,I agree with this statement.,I do not agree with this statement.
Dislike taking responsibility for making decisions.,I agree with this statement.,I do not agree with this statement.
Feel that I'm unable to deal with things.,I agree with this statement.,I do not agree with this statement.
Feel that my life lacks direction.,I agree with this statement.,I do not agree with this statement.
Habitually blow my chances.,I agree with this statement.,I do not agree with this statement.
See difficulties everywhere.,I agree with this statement.,I do not agree with this statement.
Believe that my success depends on ability rather than luck.,I agree with this statement.,I do not agree with this statement.
Come up with good solutions.,I agree with this statement.,I do not agree with this statement.
Feel comfortable with myself.,I agree with this statement.,I do not agree with this statement.
Just know that I will be a success.,I agree with this statement.,I do not agree with this statement.
Feel comfortable around people.,I agree with this statement.,I do not agree with this statement.
Feel comfortable with myself.,I agree with this statement.,I do not agree with this statement.
Just know that I will be a success.,I agree with this statement.,I do not agree with this statement.
Know how to enjoy myself.,I agree with this statement.,I do not agree with this statement.
Believe that unfortunate events occur because of bad luck.,I agree with this statement.,I do not agree with this statement.
Can't stand on my own.,I agree with this statement.,I do not agree with this statement.
Feel that my life lacks direction.,I agree with this statement.,I do not agree with this statement.
See difficulties everywhere.,I agree with this statement.,I do not agree with this statement.
Believe in the power of fate.,I agree with this statement.,I do not agree with this statement.
Believe some people are born lucky.,I agree with this statement.,I do not agree with this statement.
Believe that the world is controlled by a few powerful people.,I agree with this statement.,I do not agree with this statement.
Believe that unfortunate events occur because of bad luck.,I agree with this statement.,I do not agree with this statement.
Do not like to visit museums.,I agree with this statement.,I do not agree with this statement.
Don't like to learn new things.,I agree with this statement.,I do not agree with this statement.
Don't read nonfiction books for fun.,I agree with this statement.,I do not agree with this statement.
Avoid difficult reading material.,I agree with this statement.,I do not agree with this statement.
Read slowly.,I agree with this statement.,I do not agree with this statement.
Find it difficult to manipulate others.,I agree with this statement.,I do not agree with this statement.
Hate being the center of attention.,I agree with this statement.,I do not agree with this statement.
Lack the talent for influencing people.,I agree with this statement.,I do not agree with this statement.
Am an honest person.,I agree with this statement.,I do not agree with this statement.
Act without planning.,I agree with this statement.,I do not agree with this statement.
Am not bothered by disorder.,I agree with this statement.,I do not agree with this statement.
Leave things unfinished.,I agree with this statement.,I do not agree with this statement.
Make a mess of things.,I agree with this statement.,I do not agree with this statement.
Mess things up.,I agree with this statement.,I do not agree with this statement.
Am pretty trusting of others' motives.,I agree with this statement.,I do not agree with this statement.
Believe that people are basically honest and good.,I agree with this statement.,I do not agree with this statement.
Am guided by my moods.,I agree with this statement.,I do not agree with this statement.
Am not sure where my life is going.,I agree with this statement.,I do not agree with this statement.
Can't concentrate.,I agree with this statement.,I do not agree with this statement.
Do things I later regret.,I agree with this statement.,I do not agree with this statement.
Don't know why I do some of the things I do.,I agree with this statement.,I do not agree with this statement.
Get out of control.,I agree with this statement.,I do not agree with this statement.
Am likely to show off if I get the chance.,I agree with this statement.,I do not agree with this statement.
Am more capable than most others.,I agree with this statement.,I do not agree with this statement.
Believe that I am better than others.,I agree with this statement.,I do not agree with this statement.
Boast about my virtues.,I agree with this statement.,I do not agree with this statement.
Like to attract attention.,I agree with this statement.,I do not agree with this statement.
Would like to have more power than other people.,I agree with this statement.,I do not agree with this statement.
Have a high opinion of myself.,I agree with this statement.,I do not agree with this statement.
Know the answers to many questions.,I agree with this statement.,I do not agree with this statement.
Make myself the center of attention.,I agree with this statement.,I do not agree with this statement.
Think highly of myself.,I agree with this statement.,I do not agree with this statement.
Like to stand out in a crowd.,I agree with this statement.,I do not agree with this statement.
Like to talk about myself.,I agree with this statement.,I do not agree with this statement.
Act at the expense of others.,I agree with this statement.,I do not agree with this statement.
Break rules.,I agree with this statement.,I do not agree with this statement.
Don't care about rules.,I agree with this statement.,I do not agree with this statement.
Only talk about my own interests.,I agree with this statement.,I do not agree with this statement.
Overestimate my achievements.,I agree with this statement.,I do not agree with this statement.
Scheme against others.,I agree with this statement.,I do not agree with this statement.
Turn my back on others.,I agree with this statement.,I do not agree with this statement.
Cheat to get ahead.,I agree with this statement.,I do not agree with this statement.
Know how to get around the rules.,I agree with this statement.,I do not agree with this statement.
Obstruct others' plans.,I agree with this statement.,I do not agree with this statement.
Pretend to be concerned for others.,I agree with this statement.,I do not agree with this statement.
Put people under pressure.,I agree with this statement.,I do not agree with this statement.
Take advantage of others.,I agree with this statement.,I do not agree with this statement.
Use flattery to get ahead.,I agree with this statement.,I do not agree with this statement.
Use others for my own ends.,I agree with this statement.,I do not agree with this statement.
Believe that the end justifies the means.,I agree with this statement.,I do not agree with this statement.
Do the opposite of what is asked.,I agree with this statement.,I do not agree with this statement.
Misuse power.,I agree with this statement.,I do not agree with this statement.
Try to fool others.,I agree with this statement.,I do not agree with this statement.
Avoid difficult reading material.,I agree with this statement.,I do not agree with this statement.
Avoid philosophical discussions.,I agree with this statement.,I do not agree with this statement.
Have difficulty understanding abstract ideas.,I agree with this statement.,I do not agree with this statement.
Try to avoid complex people.,I agree with this statement.,I do not agree with this statement.
Am not bothered by disorder.,I agree with this statement.,I do not agree with this statement.
Am not bothered by messy people.,I agree with this statement.,I do not agree with this statement.
Leave a mess in my room.,I agree with this statement.,I do not agree with this statement.
Leave my belongings around.,I agree with this statement.,I do not agree with this statement.
Find it difficult showing people that I'm angry with them.,I agree with this statement.,I do not agree with this statement.
"Keep my feelings to myself, regardless of how scared I am.",I agree with this statement.,I do not agree with this statement.
"Keep my feelings to myself, regardless of how unhappy I am.",I agree with this statement.,I do not agree with this statement.
Rarely show my anger.,I agree with this statement.,I do not agree with this statement.
Wish I could more easily show my negative feelings.,I agree with this statement.,I do not agree with this statement.
Am not easily annoyed.,I agree with this statement.,I do not agree with this statement.
Am not embarrassed easily.,I agree with this statement.,I do not agree with this statement.
Feel comfortable with myself.,I agree with this statement.,I do not agree with this statement.
Keep my emotions under control.,I agree with this statement.,I do not agree with this statement.
Rarely feel depressed.,I agree with this statement.,I do not agree with this statement.
Rarely get irritated.,I agree with this statement.,I do not agree with this statement.
Rarely lose my composure.,I agree with this statement.,I do not agree with this statement.
Seldom feel blue.,I agree with this statement.,I do not agree with this statement.
Am not easily bothered by things.,I agree with this statement.,I do not agree with this statement.
Am relaxed most of the time.,I agree with this statement.,I do not agree with this statement.
Don't worry about things that have already happened.,I agree with this statement.,I do not agree with this statement.
Am not easily frustrated.,I agree with this statement.,I do not agree with this statement.
Am very pleased with myself.,I agree with this statement.,I do not agree with this statement.
Remain calm under pressure.,I agree with this statement.,I do not agree with this statement.
Seldom get mad.,I agree with this statement.,I do not agree with this statement.
Finish what I start.,I agree with this statement.,I do not agree with this statement.
Am a firm believer in thinking things through.,I agree with this statement.,I do not agree with this statement.
Make careful choices.,I agree with this statement.,I do not agree with this statement.
Am a law-abiding citizen.,I agree with this statement.,I do not agree with this statement.
Respect authority.,I agree with this statement.,I do not agree with this statement.
Believe only in myself.,I agree with this statement.,I do not agree with this statement.
Believe that I am better than others.,I agree with this statement.,I do not agree with this statement.
Make enemies.,I agree with this statement.,I do not agree with this statement.
Oppose authority.,I agree with this statement.,I do not agree with this statement.
Put people under pressure.,I agree with this statement.,I do not agree with this statement.
Seek danger.,I agree with this statement.,I do not agree with this statement.
Try to outdo others.,I agree with this statement.,I do not agree with this statement.
Am not interested in abstract ideas.,I agree with this statement.,I do not agree with this statement.
Am not interested in theoretical discussions.,I agree with this statement.,I do not agree with this statement.
Avoid philosophical discussions.,I agree with this statement.,I do not agree with this statement.
Believe that too much tax money goes to support artists.,I agree with this statement.,I do not agree with this statement.
Do not enjoy going to art museums.,I agree with this statement.,I do not agree with this statement.
Do not like art.,I agree with this statement.,I do not agree with this statement.
Do not like poetry.,I agree with this statement.,I do not agree with this statement.
Have difficulty understanding abstract ideas.,I agree with this statement.,I do not agree with this statement.
Rarely look for a deeper meaning in things.,I agree with this statement.,I do not agree with this statement.
Tend to vote for conservative political candidates.,I agree with this statement.,I do not agree with this statement.
Am not bothered by disorder.,I agree with this statement.,I do not agree with this statement.
Am not bothered by messy people.,I agree with this statement.,I do not agree with this statement.
Leave a mess in my room.,I agree with this statement.,I do not agree with this statement.
Leave my belongings around.,I agree with this statement.,I do not agree with this statement.
Put off unpleasant tasks.,I agree with this statement.,I do not agree with this statement.
Am continually losing things.,I agree with this statement.,I do not agree with this statement.
Can never find anything.,I agree with this statement.,I do not agree with this statement.
Dislike routine.,I agree with this statement.,I do not agree with this statement.
Am easily talked into doing silly things.,I agree with this statement.,I do not agree with this statement.
Do unexpected things.,I agree with this statement.,I do not agree with this statement.
Enjoy wild flights of fantasy.,I agree with this statement.,I do not agree with this statement.
Like variety.,I agree with this statement.,I do not agree with this statement.
Try to do too difficult things.,I agree with this statement.,I do not agree with this statement.
Don't pay attention.,I agree with this statement.,I do not agree with this statement.
Put little time and effort into my work.,I agree with this statement.,I do not agree with this statement.
Seldom notice details.,I agree with this statement.,I do not agree with this statement.
Am not bothered by disorder.,I agree with this statement.,I do not agree with this statement.
Don't finish the things that I start.,I agree with this statement.,I do not agree with this statement.
Leave a mess in my room.,I agree with this statement.,I do not agree with this statement.
Leave my belongings around.,I agree with this statement.,I do not agree with this statement.
Often forget to put things back in their proper place.,I agree with this statement.,I do not agree with this statement.
Put off unpleasant tasks.,I agree with this statement.,I do not agree with this statement.
Waste my time.,I agree with this statement.,I do not agree with this statement.
Am easily annoyed.,I agree with this statement.,I do not agree with this statement.
Get angry easily.,I agree with this statement.,I do not agree with this statement.
Get irritated easily.,I agree with this statement.,I do not agree with this statement.
Get upset easily.,I agree with this statement.,I do not agree with this statement.
Lose my temper.,I agree with this statement.,I do not agree with this statement.
Would describe myself as a normal person.,I agree with this statement.,I do not agree with this statement.
Am not bothered by disorder.,I agree with this statement.,I do not agree with this statement.
Am not bothered by messy people.,I agree with this statement.,I do not agree with this statement.
Complete tasks successfully.,I agree with this statement.,I do not agree with this statement.
Feel comfortable with myself.,I agree with this statement.,I do not agree with this statement.
Remain calm under pressure.,I agree with this statement.,I do not agree with this statement.
Seldom feel blue.,I agree with this statement.,I do not agree with this statement.
Pay too little attention to details.,I agree with this statement.,I do not agree with this statement.
Prefer to just let things happen.,I agree with this statement.,I do not agree with this statement.
Dislike looking at my body.,I agree with this statement.,I do not agree with this statement.
Dislike looking at myself in the mirror.,I agree with this statement.,I do not agree with this statement.
Don't consider myself attractive.,I agree with this statement.,I do not agree with this statement.
Choose the easy way.,I agree with this statement.,I do not agree with this statement.
Come up with unworkable plans.,I agree with this statement.,I do not agree with this statement.
Do not think about decisions.,I agree with this statement.,I do not agree with this statement.
Don't bother to make an effort.,I agree with this statement.,I do not agree with this statement.
Feel that my interests change quickly.,I agree with this statement.,I do not agree with this statement.
Jump into things without thinking.,I agree with this statement.,I do not agree with this statement.
Like to act on a whim.,I agree with this statement.,I do not agree with this statement.
Make a mess of things.,I agree with this statement.,I do not agree with this statement.
Make rash decisions.,I agree with this statement.,I do not agree with this statement.
Often make last-minute plans.,I agree with this statement.,I do not agree with this statement.
Am hard to satisfy.,I agree with this statement.,I do not agree with this statement.
Am quick to judge others.,I agree with this statement.,I do not agree with this statement.
Contradict others.,I agree with this statement.,I do not agree with this statement.
Criticize others' shortcomings.,I agree with this statement.,I do not agree with this statement.
Find it hard to forgive others.,I agree with this statement.,I do not agree with this statement.
Insult people.,I agree with this statement.,I do not agree with this statement.
Am often in a bad mood.,I agree with this statement.,I do not agree with this statement.
Get furious.,I agree with this statement.,I do not agree with this statement.
Have a sharp tongue.,I agree with this statement.,I do not agree with this statement.
Shoot my mouth off.,I agree with this statement.,I do not agree with this statement.
Speak ill of others.,I agree with this statement.,I do not agree with this statement.
Find it difficult to approach others.,I agree with this statement.,I do not agree with this statement.
Give up easily.,I agree with this statement.,I do not agree with this statement.
Often feel uncomfortable around others.,I agree with this statement.,I do not agree with this statement.
Only feel comfortable with friends.,I agree with this statement.,I do not agree with this statement.
Retreat from others.,I agree with this statement.,I do not agree with this statement.
Can't make up my mind.,I agree with this statement.,I do not agree with this statement.
Don't know why I do some of the things I do.,I agree with this statement.,I do not agree with this statement.
Feel that I'm unable to deal with things.,I agree with this statement.,I do not agree with this statement.
Feel threatened easily.,I agree with this statement.,I do not agree with this statement.
Mess things up.,I agree with this statement.,I do not agree with this statement.
Panic easily.,I agree with this statement.,I do not agree with this statement.
Am easily put out.,I agree with this statement.,I do not agree with this statement.
Back out at the last moment.,I agree with this statement.,I do not agree with this statement.
Break my promises.,I agree with this statement.,I do not agree with this statement.
Cut conversations short.,I agree with this statement.,I do not agree with this statement.
Do things behind other people's backs.,I agree with this statement.,I do not agree with this statement.
Don't put a lot of thought into things.,I agree with this statement.,I do not agree with this statement.
Get annoyed with others' behaviors.,I agree with this statement.,I do not agree with this statement.
Hang up the phone on people.,I agree with this statement.,I do not agree with this statement.
Scheme against others.,I agree with this statement.,I do not agree with this statement.
Find it difficult showing people that I care about them.,I agree with this statement.,I do not agree with this statement.
Have difficulty showing affection.,I agree with this statement.,I do not agree with this statement.
Keep my happy feelings to myself.,I agree with this statement.,I do not agree with this statement.
Am out for my own personal gain.,I agree with this statement.,I do not agree with this statement.
Believe that I am better than others.,I agree with this statement.,I do not agree with this statement.
Insult people.,I agree with this statement.,I do not agree with this statement.
Love a good fight.,I agree with this statement.,I do not agree with this statement.
Seek conflict.,I agree with this statement.,I do not agree with this statement.
Take advantage of others.,I agree with this statement.,I do not agree with this statement.
Dislike learning.,I agree with this statement.,I do not agree with this statement.
Disliked math in school.,I agree with this statement.,I do not agree with this statement.
Inquire about others' well-being.,I agree with this statement.,I do not agree with this statement.
Reassure others.,I agree with this statement.,I do not agree with this statement.
Can't stand confrontations.,I agree with this statement.,I do not agree with this statement.
Hate to seem pushy.,I agree with this statement.,I do not agree with this statement.
Wait for my turn.,I agree with this statement.,I do not agree with this statement.
Act impulsively when something is bothering me.,I agree with this statement.,I do not agree with this statement.
Do things without thinking of the consequences.,I agree with this statement.,I do not agree with this statement.
Don't know why I do some of the things I do.,I agree with this statement.,I do not agree with this statement.
Jump into things without thinking.,I agree with this statement.,I do not agree with this statement.
Make a fool of myself.,I agree with this statement.,I do not agree with this statement.
Make careless mistakes.,I agree with this statement.,I do not agree with this statement.
Make rash decisions.,I agree with this statement.,I do not agree with this statement.
Behave in unusual and strange ways.,I agree with this statement.,I do not agree with this statement.
Am not concerned with making a good impression.,I agree with this statement.,I do not agree with this statement.
Am not easily bothered by things.,I agree with this statement.,I do not agree with this statement.
Am not embarrassed easily.,I agree with this statement.,I do not agree with this statement.
Don't worry about things that have already happened.,I agree with this statement.,I do not agree with this statement.
Feel comortable with myself.,I agree with this statement.,I do not agree with this statement.
Seldom feel blue.,I agree with this statement.,I do not agree with this statement.
Am easily distracted.,I agree with this statement.,I do not agree with this statement.
Can't make up my mind.,I agree with this statement.,I do not agree with this statement.
Do things at the last minute.,I agree with this statement.,I do not agree with this statement.
Don't see things through.,I agree with this statement.,I do not agree with this statement.
Make a mess of things.,I agree with this statement.,I do not agree with this statement.
Mess things up.,I agree with this statement.,I do not agree with this statement.
Shirk my duties.,I agree with this statement.,I do not agree with this statement.
Avoid difficult reading material.,I agree with this statement.,I do not agree with this statement.
Don't understand things.,I agree with this statement.,I do not agree with this statement.
Try to avoid complex people.,I agree with this statement.,I do not agree with this statement.
Have a poor vocabulary.,I agree with this statement.,I do not agree with this statement.
Read slowly.,I agree with this statement.,I do not agree with this statement.
Skip difficult words while reading.,I agree with this statement.,I do not agree with this statement.
Am not as strict as I should be.,I agree with this statement.,I do not agree with this statement.
Believe that criminals should receive help rather than punishment,I agree with this statement.,I do not agree with this statement.
Do things in a half-way manner.,I agree with this statement.,I do not agree with this statement.
Let my attention wander off.,I agree with this statement.,I do not agree with this statement.
Let people pull my leg.,I agree with this statement.,I do not agree with this statement.
Sympathize with the homeless.,I agree with this statement.,I do not agree with this statement.
Respect authority.,I agree with this statement.,I do not agree with this statement.
Stick to the rules.,I agree with this statement.,I do not agree with this statement.
Try to follow the rules.,I agree with this statement.,I do not agree with this statement.
Would never cheat on my taxes.,I agree with this statement.,I do not agree with this statement.
Have an eye for detail.,I agree with this statement.,I do not agree with this statement.
Investigate all possibilities.,I agree with this statement.,I do not agree with this statement.
Like to sleep on things before acting.,I agree with this statement.,I do not agree with this statement.
Reflect on things before acting.,I agree with this statement.,I do not agree with this statement.
Take precautions.,I agree with this statement.,I do not agree with this statement.
Think twice before doing something.,I agree with this statement.,I do not agree with this statement.
Can't do without the company of others.,I agree with this statement.,I do not agree with this statement.
Don't like being away from civilization.,I agree with this statement.,I do not agree with this statement.
Keep my hair fashionable.,I agree with this statement.,I do not agree with this statement.
Keep myself well-groomed.,I agree with this statement.,I do not agree with this statement.
Do not enjoy watching dance performances.,I agree with this statement.,I do not agree with this statement.
Do not like concerts.,I agree with this statement.,I do not agree with this statement.
Am secure in my relationships.,I agree with this statement.,I do not agree with this statement.
Generally trust my partners to be faithful to me.,I agree with this statement.,I do not agree with this statement.
Am open about my feelings.,I agree with this statement.,I do not agree with this statement.
Am open about myself to others.,I agree with this statement.,I do not agree with this statement.
Am willing to talk about myself.,I agree with this statement.,I do not agree with this statement.
Disclose my intimate thoughts.,I agree with this statement.,I do not agree with this statement.
Show my feelings.,I agree with this statement.,I do not agree with this statement.
Don't pay attention.,I agree with this statement.,I do not agree with this statement.
Give up easily.,I agree with this statement.,I do not agree with this statement.
Am easily discouraged.,I agree with this statement.,I do not agree with this statement.
Am easily intimidated.,I agree with this statement.,I do not agree with this statement.
Can't make up my mind.,I agree with this statement.,I do not agree with this statement.
Panic easily.,I agree with this statement.,I do not agree with this statement.
Wait for others to lead the way.,I agree with this statement.,I do not agree with this statement.
Try not to think about the needy.,I agree with this statement.,I do not agree with this statement.
Believe that I am better than others.,I agree with this statement.,I do not agree with this statement.
Cheat to get ahead.,I agree with this statement.,I do not agree with this statement.
Disregard rules.,I agree with this statement.,I do not agree with this statement.
Don't think laws apply to me.,I agree with this statement.,I do not agree with this statement.
Hurt people.,I agree with this statement.,I do not agree with this statement.
Am calm even in tense situations.,I agree with this statement.,I do not agree with this statement.
Am not easily disturbed by events.,I agree with this statement.,I do not agree with this statement.
Am unaffected by the suffering of others.,I agree with this statement.,I do not agree with this statement.
Rarely cry during sad movies.,I agree with this statement.,I do not agree with this statement.
Remain calm during emergencies.,I agree with this statement.,I do not agree with this statement.
Am unaffected by other people's happiness.,I agree with this statement.,I do not agree with this statement.
Dislike being around happy people when I'm feeling sad.,I agree with this statement.,I do not agree with this statement.
Dislike children's birthday parties.,I agree with this statement.,I do not agree with this statement.
Rarely get caught up in the excitement.,I agree with this statement.,I do not agree with this statement.
Am willing to try anything once.,I agree with this statement.,I do not agree with this statement.
Do crazy things.,I agree with this statement.,I do not agree with this statement.
Do dangerous things.,I agree with this statement.,I do not agree with this statement.
Enjoy being reckless.,I agree with this statement.,I do not agree with this statement.
Seek adventure.,I agree with this statement.,I do not agree with this statement.
Seek danger.,I agree with this statement.,I do not agree with this statement.
Take risks.,I agree with this statement.,I do not agree with this statement.
Avoid dangerous situations.,I agree with this statement.,I do not agree with this statement.
Rarely enjoy behaving in a silly manner.,I agree with this statement.,I do not agree with this statement.
Would never go hang gliding or bungee jumping.,I agree with this statement.,I do not agree with this statement.
Prefer safety over risk.,I agree with this statement.,I do not agree with this statement.
Am a physical coward.,I agree with this statement.,I do not agree with this statement.
Am afraid of heights.,I agree with this statement.,I do not agree with this statement.
Am afraid of large dogs.,I agree with this statement.,I do not agree with this statement.
Try to stay inside when the weather is bad.,I agree with this statement.,I do not agree with this statement.
Would fear walking in a high-crime part of a city.,I agree with this statement.,I do not agree with this statement.
Would never go riding down a stretch of rapids in a canoe.,I agree with this statement.,I do not agree with this statement.
Stick to the rules.,I agree with this statement.,I do not agree with this statement.
Would never go hang-gliding or bungee-jumping.,I agree with this statement.,I do not agree with this statement.
Would never make a high risk investment.,I agree with this statement.,I do not agree with this statement.
Enjoy sexual experiences intensely.,I agree with this statement.,I do not agree with this statement.
Love the feeling of being intimately close with someone.,I agree with this statement.,I do not agree with this statement.
Do not like poetry.,I agree with this statement.,I do not agree with this statement.
Rarely look for a deeper meaning in things.,I agree with this statement.,I do not agree with this statement.
Am embarrassed to have people see my home.,I agree with this statement.,I do not agree with this statement.
Am not in the mood for anything.,I agree with this statement.,I do not agree with this statement.
Feel attacked by others.,I agree with this statement.,I do not agree with this statement.
Feel short-changed in life.,I agree with this statement.,I do not agree with this statement.
Feel that people have a hard time understanding,I agree with this statement.,I do not agree with this statement.
Let myself be used.,I agree with this statement.,I do not agree with this statement.
See events as unavoidable.,I agree with this statement.,I do not agree with this statement.
Suspect hidden motives in others.,I agree with this statement.,I do not agree with this statement.
Withhold information from others.,I agree with this statement.,I do not agree with this statement.
Am filled with doubts about things.,I agree with this statement.,I do not agree with this statement.
Dislike myself.,I agree with this statement.,I do not agree with this statement.
Feel that my life lacks direction.,I agree with this statement.,I do not agree with this statement.
Often feel blue.,I agree with this statement.,I do not agree with this statement.
Retreat from others.,I agree with this statement.,I do not agree with this statement.
Do things that others find strange.,I agree with this statement.,I do not agree with this statement.
Experience my emotions intensely.,I agree with this statement.,I do not agree with this statement.
Feel short-changed in life.,I agree with this statement.,I do not agree with this statement.
Have days when I'm mad at the world.,I agree with this statement.,I do not agree with this statement.
Need a creative outlet.,I agree with this statement.,I do not agree with this statement.
Dislike myself.,I agree with this statement.,I do not agree with this statement.
Do things I later regret.,I agree with this statement.,I do not agree with this statement.
Don't know why I do some of the things I do.,I agree with this statement.,I do not agree with this statement.
Am out for my own personal gain.,I agree with this statement.,I do not agree with this statement.
Am preoccupied with myself.,I agree with this statement.,I do not agree with this statement.
Look down on any weakness.,I agree with this statement.,I do not agree with this statement.
See other people as my competitors.,I agree with this statement.,I do not agree with this statement.
Seek status.,I agree with this statement.,I do not agree with this statement.
Use flattery to get ahead.,I agree with this statement.,I do not agree with this statement.
Am easily intimidated.,I agree with this statement.,I do not agree with this statement.
Feel threatened easily.,I agree with this statement.,I do not agree with this statement.
Have a low opinion of myself.,I agree with this statement.,I do not agree with this statement.
Am able to stand up for myself.,I agree with this statement.,I do not agree with this statement.
Am comfortable in unfamiliar situations.,I agree with this statement.,I do not agree with this statement.
Am not bothered by difficult social situations.,I agree with this statement.,I do not agree with this statement.
Am not embarrassed easily.,I agree with this statement.,I do not agree with this statement.
Act wild and crazy.,I agree with this statement.,I do not agree with this statement.
Demand attention.,I agree with this statement.,I do not agree with this statement.
Do crazy things.,I agree with this statement.,I do not agree with this statement.
Make a lot of noise.,I agree with this statement.,I do not agree with this statement.
Make rash decisions.,I agree with this statement.,I do not agree with this statement.
Use flattery to get ahead.,I agree with this statement.,I do not agree with this statement.
Use swear words.,I agree with this statement.,I do not agree with this statement.
Am not very good at getting things done.,I agree with this statement.,I do not agree with this statement.
Can't resist eating candy or cookies if they are around.,I agree with this statement.,I do not agree with this statement.
Do my tasks only just before they need to be done.,I agree with this statement.,I do not agree with this statement.
Do not exercise on a regular basis.,I agree with this statement.,I do not agree with this statement.
Give in to my urges.,I agree with this statement.,I do not agree with this statement.
Let myself be taken over by urges to spend or eat too much.,I agree with this statement.,I do not agree with this statement.
Am not always honest with myself.,I agree with this statement.,I do not agree with this statement.
Dislike myself.,I agree with this statement.,I do not agree with this statement.
Have a low opinion of myself.,I agree with this statement.,I do not agree with this statement.
Sometimes have trouble making up my mind.,I agree with this statement.,I do not agree with this statement.
Worry about what people think of me.,I agree with this statement.,I do not agree with this statement.
Avoid responsibilities.,I agree with this statement.,I do not agree with this statement.
Disregard rules.,I agree with this statement.,I do not agree with this statement.
Do improper things.,I agree with this statement.,I do not agree with this statement.
Find it difficult to get down to work.,I agree with this statement.,I do not agree with this statement.
Waste my time.,I agree with this statement.,I do not agree with this statement.
Put off unpleasant tasks.,I agree with this statement.,I do not agree with this statement.
Have difficulty starting tasks.,I agree with this statement.,I do not agree with this statement.
Need a push to get started.,I agree with this statement.,I do not agree with this statement.
Postpone decisions.,I agree with this statement.,I do not agree with this statement.
Prefer to deal with strangers in a formal manner.,I agree with this statement.,I do not agree with this statement.
Seldom joke around.,I agree with this statement.,I do not agree with this statement.
Bottle up my feelings.,I agree with this statement.,I do not agree with this statement.
Don't talk a lot.,I agree with this statement.,I do not agree with this statement.
Have little to say.,I agree with this statement.,I do not agree with this statement.
Reveal little about myself.,I agree with this statement.,I do not agree with this statement.
Say little.,I agree with this statement.,I do not agree with this statement.
Do not have a good imagination.,I agree with this statement.,I do not agree with this statement.
Let myself be directed by others.,I agree with this statement.,I do not agree with this statement.
Let others determine my choices.,I agree with this statement.,I do not agree with this statement.
Never challenge things.,I agree with this statement.,I do not agree with this statement.
Undertake few things on my own.,I agree with this statement.,I do not agree with this statement.
Don't see the consequences of things.,I agree with this statement.,I do not agree with this statement.
Don't understand things.,I agree with this statement.,I do not agree with this statement.
Have little to contribute.,I agree with this statement.,I do not agree with this statement.
Misjudge situations.,I agree with this statement.,I do not agree with this statement.
Can manage many things at the same time.,I agree with this statement.,I do not agree with this statement.
Can tackle anything.,I agree with this statement.,I do not agree with this statement.
Readily overcome setbacks.,I agree with this statement.,I do not agree with this statement.
Am less capable than most people.,I agree with this statement.,I do not agree with this statement.
Dislike myself.,I agree with this statement.,I do not agree with this statement.
Feel that I'm unable to deal with things.,I agree with this statement.,I do not agree with this statement.
Feel that my life lacks direction.,I agree with this statement.,I do not agree with this statement.
Question my ability to do my work properly.,I agree with this statement.,I do not agree with this statement.
Don't like to draw attention to myself.,I agree with this statement.,I do not agree with this statement.
Hate being the center of attention.,I agree with this statement.,I do not agree with this statement.
Would not be a good comedian.,I agree with this statement.,I do not agree with this statement.
Am easily moved to tears.,I agree with this statement.,I do not agree with this statement.
Let myself be directed by others.,I agree with this statement.,I do not agree with this statement.
Need protection.,I agree with this statement.,I do not agree with this statement.
Often need help.,I agree with this statement.,I do not agree with this statement.
Talk about my worries.,I agree with this statement.,I do not agree with this statement.
Dislike works of fiction.,I agree with this statement.,I do not agree with this statement.
Do not enjoy watching dance performances.,I agree with this statement.,I do not agree with this statement.
Do not like poetry.,I agree with this statement.,I do not agree with this statement.
Rarely notice my emotional reactions.,I agree with this statement.,I do not agree with this statement.
Act at the expense of others.,I agree with this statement.,I do not agree with this statement.
Obstruct others' plans.,I agree with this statement.,I do not agree with this statement.
Tend to dislike soft-hearted people.,I agree with this statement.,I do not agree with this statement.
Do not enjoy watching dance performances.,I agree with this statement.,I do not agree with this statement.
Don't understand people who get emotional.,I agree with this statement.,I do not agree with this statement.
Enjoy games of strategy.,I agree with this statement.,I do not agree with this statement.
Know how things work.,I agree with this statement.,I do not agree with this statement.
Am seldom bothered by the apparent suffering of strangers.,I agree with this statement.,I do not agree with this statement.
Rarely cry during sad movies.,I agree with this statement.,I do not agree with this statement.
Seldom feel weepy while reading the sad part of a story.,I agree with this statement.,I do not agree with this statement.
Seldom get emotional.,I agree with this statement.,I do not agree with this statement.
Am indifferent to the feelings of others.,I agree with this statement.,I do not agree with this statement.
Don't have a soft side.,I agree with this statement.,I do not agree with this statement.
Act like different people in different situations.,I agree with this statement.,I do not agree with this statement.
Find it necessary to please the people who have power.,I agree with this statement.,I do not agree with this statement.
Let people push me around to help them feel important.,I agree with this statement.,I do not agree with this statement.
Play a role in order to impress people.,I agree with this statement.,I do not agree with this statement.
Pretend to be concerned for others.,I agree with this statement.,I do not agree with this statement.
Put on a show to impress people.,I agree with this statement.,I do not agree with this statement.
Switch my loyalties when I feel like it.,I agree with this statement.,I do not agree with this statement.
Tell other people what they want to hear so that they will do what I want them to do.,I agree with this statement.,I do not agree with this statement.
Use flattery to get ahead.,I agree with this statement.,I do not agree with this statement.
Amuse myself easily.,I agree with this statement.,I do not agree with this statement.
Dislike neighbors living too close.,I agree with this statement.,I do not agree with this statement.
Don't like crowded events.,I agree with this statement.,I do not agree with this statement.
Enjoy silence.,I agree with this statement.,I do not agree with this statement.
Go my own way.,I agree with this statement.,I do not agree with this statement.
Like to be alone.,I agree with this statement.,I do not agree with this statement.
Seek quiet.,I agree with this statement.,I do not agree with this statement.
Find it difficult to approach others.,I agree with this statement.,I do not agree with this statement.
Have difficulty expressing my feelings.,I agree with this statement.,I do not agree with this statement.
Have little to say.,I agree with this statement.,I do not agree with this statement.
Often feel uncomfortable around others.,I agree with this statement.,I do not agree with this statement.
Only feel comfortable with friends.,I agree with this statement.,I do not agree with this statement.
Am hard to get to know.,I agree with this statement.,I do not agree with this statement.
Keep others at a distance.,I agree with this statement.,I do not agree with this statement.
Rarely enjoy being with people.,I agree with this statement.,I do not agree with this statement.
Seem to derive less enjoyment from interacting with people than others do.,I agree with this statement.,I do not agree with this statement.
Would not enjoy a job that involves a lot of social interaction.,I agree with this statement.,I do not agree with this statement.
Dislike loud music.,I agree with this statement.,I do not agree with this statement.
Am a very private person.,I agree with this statement.,I do not agree with this statement.
Prefer to be alone.,I agree with this statement.,I do not agree with this statement.
Find it difficult to approach others.,I agree with this statement.,I do not agree with this statement.
Hate being the center of attention.,I agree with this statement.,I do not agree with this statement.
Have little to say.,I agree with this statement.,I do not agree with this statement.
Keep in the background.,I agree with this statement.,I do not agree with this statement.
Would be afraid to give a speech in public.,I agree with this statement.,I do not agree with this statement.
Enjoy going to social gatherings.,I agree with this statement.,I do not agree with this statement.
Feel comfortable around people.,I agree with this statement.,I do not agree with this statement.
Am afraid to draw attention to myself.,I agree with this statement.,I do not agree with this statement.
Am apprehensive about new encounters.,I agree with this statement.,I do not agree with this statement.
Find it difficult to approach others.,I agree with this statement.,I do not agree with this statement.
Don't like to draw attention to myself.,I agree with this statement.,I do not agree with this statement.
Hate being the center of attention.,I agree with this statement.,I do not agree with this statement.
Have little to say.,I agree with this statement.,I do not agree with this statement.
Lack the talent for influencing people.,I agree with this statement.,I do not agree with this statement.
Often feel uncomfortable around others.,I agree with this statement.,I do not agree with this statement.
Act comfortably with others.,I agree with this statement.,I do not agree with this statement.
Am comfortable in unfamiliar situations.,I agree with this statement.,I do not agree with this statement.
Am not bothered by difficult social situations.,I agree with this statement.,I do not agree with this statement.
Feel comfortable around people.,I agree with this statement.,I do not agree with this statement.
Talk to a lot of different people at parties.,I agree with this statement.,I do not agree with this statement.
Don't know how to handle myself in a new social situation.,I agree with this statement.,I do not agree with this statement.
Do not believe in a universal power or a God.,I agree with this statement.,I do not agree with this statement.
Do not practice any religion.,I agree with this statement.,I do not agree with this statement.
Am easily disturbed.,I agree with this statement.,I do not agree with this statement.
Change my mood a lot.,I agree with this statement.,I do not agree with this statement.
Get caught up in my problems.,I agree with this statement.,I do not agree with this statement.
Get stressed out easily.,I agree with this statement.,I do not agree with this statement.
Get upset easily.,I agree with this statement.,I do not agree with this statement.
Am hard to understand.,I agree with this statement.,I do not agree with this statement.
Do things that others find strange.,I agree with this statement.,I do not agree with this statement.
Do unexpected things.,I agree with this statement.,I do not agree with this statement.
Get back at others.,I agree with this statement.,I do not agree with this statement.
Get bored easily.,I agree with this statement.,I do not agree with this statement.
Go on binges.,I agree with this statement.,I do not agree with this statement.
Live in a world of my own.,I agree with this statement.,I do not agree with this statement.
Make enemies.,I agree with this statement.,I do not agree with this statement.
Snap at people.,I agree with this statement.,I do not agree with this statement.
Am often in a bad mood.,I agree with this statement.,I do not agree with this statement.
Have days when I'm mad at the world.,I agree with this statement.,I do not agree with this statement.
Have frequent mood swings.,I agree with this statement.,I do not agree with this statement.
Believe people should fend for themselves.,I agree with this statement.,I do not agree with this statement.
Demand a lot from others.,I agree with this statement.,I do not agree with this statement.
Don't fall for sob stories.,I agree with this statement.,I do not agree with this statement.
Listen to my brain rather than my heart.,I agree with this statement.,I do not agree with this statement.
Look down on any weakness.,I agree with this statement.,I do not agree with this statement.
Tend to dislike soft-hearted people.,I agree with this statement.,I do not agree with this statement.
Try not to think about the needy.,I agree with this statement.,I do not agree with this statement.
Am not interested in other people's problems.,I agree with this statement.,I do not agree with this statement.
Believe in an eye for an eye.,I agree with this statement.,I do not agree with this statement.
Can't stand weak people.,I agree with this statement.,I do not agree with this statement.
Dislike talking about myself.,I agree with this statement.,I do not agree with this statement.
Speak softly.,I agree with this statement.,I do not agree with this statement.
Am not good at working with a group.,I agree with this statement.,I do not agree with this statement.
Don't think it's important to socialize with others.,I agree with this statement.,I do not agree with this statement.
Keep to myself.,I agree with this statement.,I do not agree with this statement.
Prefer to do everything alone.,I agree with this statement.,I do not agree with this statement.
Work best when I am alone.,I agree with this statement.,I do not agree with this statement.
Am guided by my moods.,I agree with this statement.,I do not agree with this statement.
Am preoccupied with myself.,I agree with this statement.,I do not agree with this statement.
Change my mood a lot.,I agree with this statement.,I do not agree with this statement.
Grumble about things.,I agree with this statement.,I do not agree with this statement.
Love to come up with objections.,I agree with this statement.,I do not agree with this statement.
Say inappropriate things.,I agree with this statement.,I do not agree with this statement.
Suddenly lose interest.,I agree with this statement.,I do not agree with this statement.
Don't call people just to talk.,I agree with this statement.,I do not agree with this statement.
Don't care about dressing nicely.,I agree with this statement.,I do not agree with this statement.
Don't get excited about things.,I agree with this statement.,I do not agree with this statement.
Don't understand people who get emotional.,I agree with this statement.,I do not agree with this statement.
Break rules.,I agree with this statement.,I do not agree with this statement.
Do dangerous things.,I agree with this statement.,I do not agree with this statement.
Enjoy being reckless.,I agree with this statement.,I do not agree with this statement.
Enjoy crude jokes.,I agree with this statement.,I do not agree with this statement.
Know how to get around the rules.,I agree with this statement.,I do not agree with this statement.
Laugh at others.,I agree with this statement.,I do not agree with this statement.
Play tricks on others.,I agree with this statement.,I do not agree with this statement.
Seek danger.,I agree with this statement.,I do not agree with this statement.
Am wary of others.,I agree with this statement.,I do not agree with this statement.
Believe in an eye for an eye.,I agree with this statement.,I do not agree with this statement.
Distrust people.,I agree with this statement.,I do not agree with this statement.
Find it hard to forgive others.,I agree with this statement.,I do not agree with this statement.
Look down on any weakness.,I agree with this statement.,I do not agree with this statement.
Put down others' proposals.,I agree with this statement.,I do not agree with this statement.
Treat people as inferiors.,I agree with this statement.,I do not agree with this statement.
Don't like the idea of change.,I agree with this statement.,I do not agree with this statement.
Hold a grudge.,I agree with this statement.,I do not agree with this statement.
Am a bad loser.,I agree with this statement.,I do not agree with this statement.
Am annoyed by others' mistakes.,I agree with this statement.,I do not agree with this statement.
Am quick to judge others.,I agree with this statement.,I do not agree with this statement.
Get irritated easily.,I agree with this statement.,I do not agree with this statement.
Lay down the law to others.,I agree with this statement.,I do not agree with this statement.
Am easily confused.,I agree with this statement.,I do not agree with this statement.
Am easily frightened.,I agree with this statement.,I do not agree with this statement.
Am easily hurt.,I agree with this statement.,I do not agree with this statement.
Am easily offended.,I agree with this statement.,I do not agree with this statement.
Become overwhelmed by events.,I agree with this statement.,I do not agree with this statement.
Feel crushed by setbacks.,I agree with this statement.,I do not agree with this statement.
Panic easily.,I agree with this statement.,I do not agree with this statement.
Take offense easily.,I agree with this statement.,I do not agree with this statement.
Am afraid that I will do the wrong thing.,I agree with this statement.,I do not agree with this statement.
Feel that I'm unable to deal with things.,I agree with this statement.,I do not agree with this statement.
Feel threatened easily.,I agree with this statement.,I do not agree with this statement.
Often feel uncomfortable around others.,I agree with this statement.,I do not agree with this statement.
Am afraid of many things.,I agree with this statement.,I do not agree with this statement.
Feel desperate.,I agree with this statement.,I do not agree with this statement.
Feel short-changed in life.,I agree with this statement.,I do not agree with this statement.
Frequently drop things.,I agree with this statement.,I do not agree with this statement.
Often eat too much.,I agree with this statement.,I do not agree with this statement.
Don't consider myself religious.,I agree with this statement.,I do not agree with this statement.
Doubt the value of religion.,I agree with this statement.,I do not agree with this statement.
Tend to vote for liberal political candidates.,I agree with this statement.,I do not agree with this statement.
Am swayed by my emotions.,I agree with this statement.,I do not agree with this statement.
Can be stirred up easily.,I agree with this statement.,I do not agree with this statement.
Experience my emotions intensely.,I agree with this statement.,I do not agree with this statement.
Have frequent mood swings.,I agree with this statement.,I do not agree with this statement.
Believe that people are essentially evil,I agree with this statement.,I do not agree with this statement.
Distrust people.,I agree with this statement.,I do not agree with this statement.
Suspect hidden motives in others.,I agree with this statement.,I do not agree with this statement.
Am wary of others.,I agree with this statement.,I do not agree with this statement.
Believe that people are essentially evil.,I agree with this statement.,I do not agree with this statement.
Can't be bothered with other's needs.,I agree with this statement.,I do not agree with this statement.
Disregard the opinions of others.,I agree with this statement.,I do not agree with this statement.
Feel little concern for others.,I agree with this statement.,I do not agree with this statement.
Obstruct others' plans.,I agree with this statement.,I do not agree with this statement.
Pretend to be concerned for others.,I agree with this statement.,I do not agree with this statement.
Enjoy being thought of as a normal mainstream person.,I agree with this statement.,I do not agree with this statement.
Like to be thought of as a normal kind of person.,I agree with this statement.,I do not agree with this statement.
Like to be viewed as proper and conventional.,I agree with this statement.,I do not agree with this statement.
Try to avoid complex people.,I agree with this statement.,I do not agree with this statement.
Would hate to be considered odd or strange.,I agree with this statement.,I do not agree with this statement.
Am indifferent to the feelings of others.,I agree with this statement.,I do not agree with this statement.
Am not interested in other people's problems.,I agree with this statement.,I do not agree with this statement.
Can't be bothered with other's needs.,I agree with this statement.,I do not agree with this statement.
Feel little concern for others.,I agree with this statement.,I do not agree with this statement.
Take no time for others.,I agree with this statement.,I do not agree with this statement.
Am not always honest with myself.,I agree with this statement.,I do not agree with this statement.
Am not always what I appear to be.,I agree with this statement.,I do not agree with this statement.
Don't always practice what I preach.,I agree with this statement.,I do not agree with this statement.
Have some bad habits.,I agree with this statement.,I do not agree with this statement.
Have sometimes had to tell a lie.,I agree with this statement.,I do not agree with this statement.
Change myself to suit others.,I agree with this statement.,I do not agree with this statement.
Judge people by their appearance.,I agree with this statement.,I do not agree with this statement.
Put on a show to impress people.,I agree with this statement.,I do not agree with this statement.
Seek status.,I agree with this statement.,I do not agree with this statement.
Try to impress others.,I agree with this statement.,I do not agree with this statement.
Want to amount to something special in others' eyes.,I agree with this statement.,I do not agree with this statement.
Worry about what people think of me.,I agree with this statement.,I do not agree with this statement.
Dislike new foods.,I agree with this statement.,I do not agree with this statement.
Don't like the idea of change.,I agree with this statement.,I do not agree with this statement.
Would describe my experiences as somewhat dull.,I agree with this statement.,I do not agree with this statement.
Dislike changes.,I agree with this statement.,I do not agree with this statement.
Prefer to stick with things that I know.,I agree with this statement.,I do not agree with this statement.
Am hard to get to know.,I agree with this statement.,I do not agree with this statement.
Am not a very enthusiastic person.,I agree with this statement.,I do not agree with this statement.
Keep others at a distance.,I agree with this statement.,I do not agree with this statement.
Rarely get caught up in the excitement.,I agree with this statement.,I do not agree with this statement.
Reveal little about myself.,I agree with this statement.,I do not agree with this statement.
Am easily discouraged.,I agree with this statement.,I do not agree with this statement.
Am not sure where my life is going.,I agree with this statement.,I do not agree with this statement.
Feel desperate.,I agree with this statement.,I do not agree with this statement.
Feel short-changed in life.,I agree with this statement.,I do not agree with this statement.
Feel that I'm unable to deal with things.,I agree with this statement.,I do not agree with this statement.
Feel that my life lacks direction.,I agree with this statement.,I do not agree with this statement.
Don't have much energy.,I agree with this statement.,I do not agree with this statement.
Dread getting up in the morning.,I agree with this statement.,I do not agree with this statement.
Am calm even in tense situations.,I agree with this statement.,I do not agree with this statement.
Can handle complex problems.,I agree with this statement.,I do not agree with this statement.
Know how to cope.,I agree with this statement.,I do not agree with this statement.
Readily overcome setbacks.,I agree with this statement.,I do not agree with this statement.
Remain calm under pressure.,I agree with this statement.,I do not agree with this statement.
Am not really interested in others.,I agree with this statement.,I do not agree with this statement.
Don't like to get involved in other people's problems.,I agree with this statement.,I do not agree with this statement.
Try not to think about the needy.,I agree with this statement.,I do not agree with this statement.
Rarely smile.,I agree with this statement.,I do not agree with this statement.
Am not good at figuring out what really matters.,I agree with this statement.,I do not agree with this statement.
Am rarely consulted for advice by others.,I agree with this statement.,I do not agree with this statement.
Lose sight of what is most important in life.,I agree with this statement.,I do not agree with this statement.
Accomplish a lot of work.,I do not agree with this statement.,I agree with this statement.
Do a lot in my spare time.,I do not agree with this statement.,I agree with this statement.
Do more than what's expected of me.,I do not agree with this statement.,I agree with this statement.
Excel in what I do.,I do not agree with this statement.,I agree with this statement.
Plunge into tasks with all my heart.,I do not agree with this statement.,I agree with this statement.
Accept challenging tasks.,I do not agree with this statement.,I agree with this statement.
Am good at many things.,I do not agree with this statement.,I agree with this statement.
Feel up to any task.,I do not agree with this statement.,I agree with this statement.
Continue until everything is perfect.,I do not agree with this statement.,I agree with this statement.
Work hard.,I do not agree with this statement.,I agree with this statement.
Work too much.,I do not agree with this statement.,I agree with this statement.
Demand quality.,I do not agree with this statement.,I agree with this statement.
Go straight for the goal.,I do not agree with this statement.,I agree with this statement.
Set high standards for myself and others.,I do not agree with this statement.,I agree with this statement.
Turn plans into actions.,I do not agree with this statement.,I agree with this statement.
Never give up.,I do not agree with this statement.,I agree with this statement.
Take control of things.,I do not agree with this statement.,I agree with this statement.
Try to lead others.,I do not agree with this statement.,I agree with this statement.
Try to outdo others.,I do not agree with this statement.,I agree with this statement.
Try to surpass others' accomplishments.,I do not agree with this statement.,I agree with this statement.
Want to be in charge.,I do not agree with this statement.,I agree with this statement.
Want to be the very best.,I do not agree with this statement.,I agree with this statement.
Accomplish a lot of work.,I do not agree with this statement.,I agree with this statement.
Am always busy.,I do not agree with this statement.,I agree with this statement.
Am always on the go.,I do not agree with this statement.,I agree with this statement.
Can manage many things at the same time.,I do not agree with this statement.,I agree with this statement.
Do a lot in my spare time.,I do not agree with this statement.,I agree with this statement.
React quickly.,I do not agree with this statement.,I agree with this statement.
Adapt easily to new situations.,I do not agree with this statement.,I agree with this statement.
Am good at taking advice.,I do not agree with this statement.,I agree with this statement.
Can stand criticism.,I do not agree with this statement.,I agree with this statement.
Am often fidgety.,I do not agree with this statement.,I agree with this statement.
Begin to answer before the other person finishes the question.,I do not agree with this statement.,I agree with this statement.
Don't enjoy doing quiet leisure activities.,I do not agree with this statement.,I agree with this statement.
Don't finish the things that I start.,I do not agree with this statement.,I agree with this statement.
Don't pay enough attention when others are speaking to me.,I do not agree with this statement.,I agree with this statement.
Feel restless a lot of the time.,I do not agree with this statement.,I agree with this statement.
Find it difficult to organize tasks and activities.,I do not agree with this statement.,I agree with this statement.
Find it difficult to sit still for long periods of time.,I do not agree with this statement.,I agree with this statement.
Forget things.,I do not agree with this statement.,I agree with this statement.
Have been told I'm not listening when others are speaking to me.,I do not agree with this statement.,I agree with this statement.
Have difficulty keeping my attention on a task.,I do not agree with this statement.,I agree with this statement.
Make careless mistakes.,I do not agree with this statement.,I agree with this statement.
Like to visit new places.,I do not agree with this statement.,I agree with this statement.
Seek adventure.,I do not agree with this statement.,I agree with this statement.
Try to do too difficult things.,I do not agree with this statement.,I agree with this statement.
Would like to live for awhile in a different country.,I do not agree with this statement.,I agree with this statement.
Am open to change.,I do not agree with this statement.,I agree with this statement.
Amuse my friends.,I do not agree with this statement.,I agree with this statement.
Believe that I am important.,I do not agree with this statement.,I agree with this statement.
Have a lot of fun.,I do not agree with this statement.,I agree with this statement.
Let myself go.,I do not agree with this statement.,I agree with this statement.
Try out new things.,I do not agree with this statement.,I agree with this statement.
Interested in many things.,I do not agree with this statement.,I agree with this statement.
Like to begin new things.,I do not agree with this statement.,I agree with this statement.
Prefer variety to routine.,I do not agree with this statement.,I agree with this statement.
Be a bounty hunter,I do not agree with this statement.,I agree with this statement.
Be a long-distance bicycle rider,I do not agree with this statement.,I agree with this statement.
Be a military officer,I do not agree with this statement.,I agree with this statement.
Be a police officer,I do not agree with this statement.,I agree with this statement.
Be a professional athlete,I do not agree with this statement.,I agree with this statement.
Be a racing car driver,I do not agree with this statement.,I agree with this statement.
Compete in athletic events,I do not agree with this statement.,I agree with this statement.
Engage in exciting adventures,I do not agree with this statement.,I agree with this statement.
Face physical danger,I do not agree with this statement.,I agree with this statement.
Survive in the wilderness,I do not agree with this statement.,I agree with this statement.
Believe in the importance of art.,I do not agree with this statement.,I agree with this statement.
Enjoy the beauty of nature.,I do not agree with this statement.,I agree with this statement.
Get deeply immersed in music.,I do not agree with this statement.,I agree with this statement.
Love to reflect on things.,I do not agree with this statement.,I agree with this statement.
Need a creative outlet.,I do not agree with this statement.,I agree with this statement.
See beauty in things that others might not notice.,I do not agree with this statement.,I agree with this statement.
"Enjoy feeling ""close to the earth.""",I do not agree with this statement.,I agree with this statement.
Have read the great literary classics.,I do not agree with this statement.,I agree with this statement.
Like music.,I do not agree with this statement.,I agree with this statement.
Love flowers.,I do not agree with this statement.,I agree with this statement.
Am in awe of simple things in life that others might take for granted.,I do not agree with this statement.,I agree with this statement.
Appreciate all forms of art.,I do not agree with this statement.,I agree with this statement.
Can become tearful thinking of the goodness of others.,I do not agree with this statement.,I agree with this statement.
Crave the experience of great art.,I do not agree with this statement.,I agree with this statement.
Experience deep emotions when I see beautiful things.,I do not agree with this statement.,I agree with this statement.
Feel it's important to live in a world of beauty.,I do not agree with this statement.,I agree with this statement.
Have been left speechless by the beauty depicted in a movie.,I do not agree with this statement.,I agree with this statement.
Have frequent mood swings.,I do not agree with this statement.,I agree with this statement.
Have unpredictable emotions and moods.,I do not agree with this statement.,I agree with this statement.
Lose control over my behavior when I'm emotional.,I do not agree with this statement.,I agree with this statement.
Overreact to every little thing in life.,I do not agree with this statement.,I agree with this statement.
Accept people as they are.,I do not agree with this statement.,I agree with this statement.
Am inclined to forgive others.,I do not agree with this statement.,I agree with this statement.
Am not disturbed by events.,I do not agree with this statement.,I agree with this statement.
Take things as they come.,I do not agree with this statement.,I agree with this statement.
Tolerate a lot from others.,I do not agree with this statement.,I agree with this statement.
Try to forgive and forget.,I do not agree with this statement.,I agree with this statement.
Am concerned about others.,I do not agree with this statement.,I agree with this statement.
Feel others' emotions.,I do not agree with this statement.,I agree with this statement.
Have a soft heart.,I do not agree with this statement.,I agree with this statement.
Make people feel at ease.,I do not agree with this statement.,I agree with this statement.
Sympathize with others' feelings.,I do not agree with this statement.,I agree with this statement.
Am interested in people.,I do not agree with this statement.,I agree with this statement.
Am on good terms with nearly everyone.,I do not agree with this statement.,I agree with this statement.
Have a good word for everyone.,I do not agree with this statement.,I agree with this statement.
Inquire about others' well-being.,I do not agree with this statement.,I agree with this statement.
Know how to comfort others.,I do not agree with this statement.,I agree with this statement.
Love children.,I do not agree with this statement.,I agree with this statement.
Love to help others.,I do not agree with this statement.,I agree with this statement.
Show my gratitude.,I do not agree with this statement.,I agree with this statement.
Take time out for others.,I do not agree with this statement.,I agree with this statement.
Think of others first.,I do not agree with this statement.,I agree with this statement.
Am easy to satisfy.,I do not agree with this statement.,I agree with this statement.
Believe that others have good intentions.,I do not agree with this statement.,I agree with this statement.
Respect others.,I do not agree with this statement.,I agree with this statement.
Treat all people equally.,I do not agree with this statement.,I agree with this statement.
Trust what people say.,I do not agree with this statement.,I agree with this statement.
Am concerned about others.,I do not agree with this statement.,I agree with this statement.
Anticipate the needs of others.,I do not agree with this statement.,I agree with this statement.
Have a good word for everyone.,I do not agree with this statement.,I agree with this statement.
Love to help others.,I do not agree with this statement.,I agree with this statement.
Make people feel welcome.,I do not agree with this statement.,I agree with this statement.
Be a counselor or therapist,I do not agree with this statement.,I agree with this statement.
Be a doctor or nurse,I do not agree with this statement.,I agree with this statement.
"Be a minister, priest, rabbi or other religious teacher",I do not agree with this statement.,I agree with this statement.
Be a physical therapist,I do not agree with this statement.,I agree with this statement.
Be a social worker,I do not agree with this statement.,I agree with this statement.
Be an elementary-school teacher,I do not agree with this statement.,I agree with this statement.
Care for sick people,I do not agree with this statement.,I agree with this statement.
Counsel persons who need help,I do not agree with this statement.,I agree with this statement.
Help others learn new ideas,I do not agree with this statement.,I agree with this statement.
Help people make career decisions,I do not agree with this statement.,I agree with this statement.
Instruct parents on child care,I do not agree with this statement.,I agree with this statement.
Participate in charity events,I do not agree with this statement.,I agree with this statement.
Provide comfort and support to others,I do not agree with this statement.,I agree with this statement.
Have a strong need for power.,I do not agree with this statement.,I agree with this statement.
Know how to get around the rules.,I do not agree with this statement.,I agree with this statement.
Like to show off my body.,I do not agree with this statement.,I agree with this statement.
Push myself very hard to succeed.,I do not agree with this statement.,I agree with this statement.
Take charge.,I do not agree with this statement.,I agree with this statement.
Try to surpass others' accomplishments.,I do not agree with this statement.,I agree with this statement.
Want to be in charge.,I do not agree with this statement.,I agree with this statement.
Am not easily annoyed.,I do not agree with this statement.,I agree with this statement.
Rarely complain.,I do not agree with this statement.,I agree with this statement.
Rarely get irritated.,I do not agree with this statement.,I agree with this statement.
Seldom get mad.,I do not agree with this statement.,I agree with this statement.
Seldom take offense.,I do not agree with this statement.,I agree with this statement.
Am a person whose moods go up and down easily.,I do not agree with this statement.,I agree with this statement.
Can be stirred up easily.,I do not agree with this statement.,I agree with this statement.
Change my mood a lot.,I do not agree with this statement.,I agree with this statement.
Get angry easily.,I do not agree with this statement.,I agree with this statement.
Get easily agitated.,I do not agree with this statement.,I agree with this statement.
Get upset easily.,I do not agree with this statement.,I agree with this statement.
Get irritated easily.,I do not agree with this statement.,I agree with this statement.
Have a violent temper.,I do not agree with this statement.,I agree with this statement.
Often feel overwhelmed with rage.,I do not agree with this statement.,I agree with this statement.
Am often in a bad mood.,I do not agree with this statement.,I agree with this statement.
Lose my temper.,I do not agree with this statement.,I agree with this statement.
Am not a joyful person.,I do not agree with this statement.,I agree with this statement.
Feel that nothing seems to make me feel good.,I do not agree with this statement.,I agree with this statement.
Find nothing excites me.,I do not agree with this statement.,I agree with this statement.
Have trouble getting interested in things.,I do not agree with this statement.,I agree with this statement.
Am afraid that I will do the wrong thing.,I do not agree with this statement.,I agree with this statement.
Am easily hurt.,I do not agree with this statement.,I agree with this statement.
Feel crushed by setbacks.,I do not agree with this statement.,I agree with this statement.
"Feel guilty when I say ""no.""",I do not agree with this statement.,I agree with this statement.
Feel threatened easily.,I do not agree with this statement.,I agree with this statement.
Spend time thinking about past mistakes.,I do not agree with this statement.,I agree with this statement.
Worry about things.,I do not agree with this statement.,I agree with this statement.
Am afraid of many things.,I do not agree with this statement.,I agree with this statement.
Am easily discouraged.,I do not agree with this statement.,I agree with this statement.
Am filled with doubts about things.,I do not agree with this statement.,I agree with this statement.
Become overwhelmed by events.,I do not agree with this statement.,I agree with this statement.
Am always worried about something.,I do not agree with this statement.,I agree with this statement.
Begin to panic when there is danger.,I do not agree with this statement.,I agree with this statement.
Get stressed out easily.,I do not agree with this statement.,I agree with this statement.
Often worry about things that turn out to be unimportant.,I do not agree with this statement.,I agree with this statement.
Worry about what people think of me.,I do not agree with this statement.,I agree with this statement.
Am easily startled.,I do not agree with this statement.,I agree with this statement.
Am generally a fearful person.,I do not agree with this statement.,I agree with this statement.
Am nervous or tense most of the time.,I do not agree with this statement.,I agree with this statement.
Feel my anxiety overwhelms me.,I do not agree with this statement.,I agree with this statement.
Feel that my worry and anxiety is out of control.,I do not agree with this statement.,I agree with this statement.
Panic easily.,I do not agree with this statement.,I agree with this statement.
Get upset by unpleasant thoughts that come into my mind.,I do not agree with this statement.,I agree with this statement.
Get upset easily.,I do not agree with this statement.,I agree with this statement.
Have frequent mood swings.,I do not agree with this statement.,I agree with this statement.
Often feel blue.,I do not agree with this statement.,I agree with this statement.
Fear for the worst.,I do not agree with this statement.,I agree with this statement.
Get caught up in my problems.,I do not agree with this statement.,I agree with this statement.
Believe appearances are important.,I do not agree with this statement.,I agree with this statement.
Keep myself well-groomed.,I do not agree with this statement.,I agree with this statement.
Bought a fashionable item of clothing.,I do not agree with this statement.,I agree with this statement.
Read a fashion-related book.,I do not agree with this statement.,I agree with this statement.
Read a fashion-related magazine.,I do not agree with this statement.,I agree with this statement.
Spent more than 10 minutes thinking about what to wear.,I do not agree with this statement.,I agree with this statement.
Spent more than an hour thinking about what to wear.,I do not agree with this statement.,I agree with this statement.
Am not afraid of providing criticism.,I do not agree with this statement.,I agree with this statement.
Can take strong measures.,I do not agree with this statement.,I agree with this statement.
Say what I think.,I do not agree with this statement.,I agree with this statement.
Take charge.,I do not agree with this statement.,I agree with this statement.
Take control of things.,I do not agree with this statement.,I agree with this statement.
Want to be in charge.,I do not agree with this statement.,I agree with this statement.
Am always busy.,I do not agree with this statement.,I agree with this statement.
Automatically take charge.,I do not agree with this statement.,I agree with this statement.
Can easily push myself forward.,I do not agree with this statement.,I agree with this statement.
Come up with a solution right away.,I do not agree with this statement.,I agree with this statement.
Do a lot in my spare time.,I do not agree with this statement.,I agree with this statement.
Know what I want.,I do not agree with this statement.,I agree with this statement.
Stick up for myself.,I do not agree with this statement.,I agree with this statement.
Try to lead others.,I do not agree with this statement.,I agree with this statement.
Turn plans into actions.,I do not agree with this statement.,I agree with this statement.
Am the first to act.,I do not agree with this statement.,I agree with this statement.
Can talk others into doing things.,I do not agree with this statement.,I agree with this statement.
Have a strong personality.,I do not agree with this statement.,I agree with this statement.
Know how to captivate people.,I do not agree with this statement.,I agree with this statement.
See myself as a good leader.,I do not agree with this statement.,I agree with this statement.
Am quick to correct others.,I do not agree with this statement.,I agree with this statement.
Challenge others' points of view.,I do not agree with this statement.,I agree with this statement.
Demand explanations from others.,I do not agree with this statement.,I agree with this statement.
Impose my will on others.,I do not agree with this statement.,I agree with this statement.
Lay down the law to others.,I do not agree with this statement.,I agree with this statement.
Put people under pressure.,I do not agree with this statement.,I agree with this statement.
Try to outdo others.,I do not agree with this statement.,I agree with this statement.
Try to surpass others' accomplishments.,I do not agree with this statement.,I agree with this statement.
Want to control the conversation.,I do not agree with this statement.,I agree with this statement.
Am good at making impromptu speeches.,I do not agree with this statement.,I agree with this statement.
Have a natural talent for influencing people.,I do not agree with this statement.,I agree with this statement.
Seek to influence others.,I do not agree with this statement.,I agree with this statement.
Am usually aware of the way that I'm feeling.,I do not agree with this statement.,I agree with this statement.
Notice my emotions.,I do not agree with this statement.,I agree with this statement.
Often stop to analyze how I'm feeling.,I do not agree with this statement.,I agree with this statement.
Pay a lot of attention to my feelings.,I do not agree with this statement.,I agree with this statement.
Think about the causes of my emotions.,I do not agree with this statement.,I agree with this statement.
Believe that I am important.,I do not agree with this statement.,I agree with this statement.
Get things done quickly.,I do not agree with this statement.,I agree with this statement.
Keep improving myself.,I do not agree with this statement.,I agree with this statement.
Keep myself well-groomed.,I do not agree with this statement.,I agree with this statement.
Like to tidy up.,I do not agree with this statement.,I agree with this statement.
Am afraid that I will do the wrong thing.,I do not agree with this statement.,I agree with this statement.
Am always worried about something.,I do not agree with this statement.,I agree with this statement.
Am easily hurt.,I do not agree with this statement.,I agree with this statement.
Become overwhelmed by events.,I do not agree with this statement.,I agree with this statement.
Begin to panic when there is danger.,I do not agree with this statement.,I agree with this statement.
Get stressed out easily.,I do not agree with this statement.,I agree with this statement.
Often worry about things that turn out to be unimportant.,I do not agree with this statement.,I agree with this statement.
Worry about what people think of me.,I do not agree with this statement.,I agree with this statement.
Cheat to get ahead.,I do not agree with this statement.,I agree with this statement.
Do things out of revenge.,I do not agree with this statement.,I agree with this statement.
Get back at others.,I do not agree with this statement.,I agree with this statement.
Have a sharp tongue.,I do not agree with this statement.,I agree with this statement.
Hold a grudge.,I do not agree with this statement.,I agree with this statement.
Am a brave person.,I do not agree with this statement.,I agree with this statement.
Call for action while others talk.,I do not agree with this statement.,I agree with this statement.
Can face my fears.,I do not agree with this statement.,I agree with this statement.
Don't hesitate to express an unpopular opinion.,I do not agree with this statement.,I agree with this statement.
Have taken frequent stands in the face of strong opposition.,I do not agree with this statement.,I agree with this statement.
Speak up in protest when I hear someone say mean things.,I do not agree with this statement.,I agree with this statement.
Am a cold-hearted person.,I do not agree with this statement.,I agree with this statement.
Am indifferent to the feelings of others.,I do not agree with this statement.,I agree with this statement.
Am not a caring person.,I do not agree with this statement.,I agree with this statement.
Am not a sympathetic person.,I do not agree with this statement.,I agree with this statement.
Can't be bothered with others’ needs.,I do not agree with this statement.,I agree with this statement.
Do not care how my actions affect others.,I do not agree with this statement.,I agree with this statement.
Am not interested in other people’s problems.,I do not agree with this statement.,I agree with this statement.
Believe people should fend for themselves.,I do not agree with this statement.,I agree with this statement.
Don't fall for sob stories.,I do not agree with this statement.,I agree with this statement.
Don't put a lot of thought into things.,I do not agree with this statement.,I agree with this statement.
Am not easily annoyed.,I do not agree with this statement.,I agree with this statement.
Rarely complain.,I do not agree with this statement.,I agree with this statement.
Rarely get irritated.,I do not agree with this statement.,I agree with this statement.
Rarely lose my composure.,I do not agree with this statement.,I agree with this statement.
Seldom get mad.,I do not agree with this statement.,I agree with this statement.
Accept people as they are.,I do not agree with this statement.,I agree with this statement.
Take things as they come.,I do not agree with this statement.,I agree with this statement.
Am not easily frustrated.,I do not agree with this statement.,I agree with this statement.
Am relaxed most of the time.,I do not agree with this statement.,I agree with this statement.
Believe in human goodness.,I do not agree with this statement.,I agree with this statement.
Am easy to satisfy.,I do not agree with this statement.,I agree with this statement.
Am on good terms with nearly everyone.,I do not agree with this statement.,I agree with this statement.
Seldom take offense.,I do not agree with this statement.,I agree with this statement.
Am calm even in tense situations.,I do not agree with this statement.,I agree with this statement.
Am not easily bothered by things.,I do not agree with this statement.,I agree with this statement.
Don't worry about things that have already happened.,I do not agree with this statement.,I agree with this statement.
Keep a cool head.,I do not agree with this statement.,I agree with this statement.
Remain calm under pressure.,I do not agree with this statement.,I agree with this statement.
Am the most important person in someone else's life.,I do not agree with this statement.,I agree with this statement.
Am willing to take risks to establish a relationship.,I do not agree with this statement.,I agree with this statement.
Can express love to someone else.,I do not agree with this statement.,I agree with this statement.
Know someone whom I really care about as a person.,I do not agree with this statement.,I agree with this statement.
Know that some others accept my shortcomings.,I do not agree with this statement.,I agree with this statement.
Know that there are people in my life who care as much for me as for themselves.,I do not agree with this statement.,I agree with this statement.
Never spend more than I can afford.,I do not agree with this statement.,I agree with this statement.
Never splurge.,I do not agree with this statement.,I agree with this statement.
Purchase only practical things.,I do not agree with this statement.,I agree with this statement.
Take precautions.,I do not agree with this statement.,I agree with this statement.
Tend to dislike impulsive people.,I do not agree with this statement.,I agree with this statement.
Avoid mistakes.,I do not agree with this statement.,I agree with this statement.
Choose my words with care.,I do not agree with this statement.,I agree with this statement.
Stick to my chosen path.,I do not agree with this statement.,I agree with this statement.
Amuse my friends.,I do not agree with this statement.,I agree with this statement.
Express childlike joy.,I do not agree with this statement.,I agree with this statement.
Have a lot of fun.,I do not agree with this statement.,I agree with this statement.
Laugh aloud.,I do not agree with this statement.,I agree with this statement.
Laugh my way through life.,I do not agree with this statement.,I agree with this statement.
Look at the bright side of life.,I do not agree with this statement.,I agree with this statement.
Love life.,I do not agree with this statement.,I agree with this statement.
Radiate joy.,I do not agree with this statement.,I agree with this statement.
Am easily disoriented.,I do not agree with this statement.,I agree with this statement.
Easily lose my train of thought.,I do not agree with this statement.,I agree with this statement.
Frequently get things mixed up in my head.,I do not agree with this statement.,I agree with this statement.
Often feel like my thoughts make no sense.,I do not agree with this statement.,I agree with this statement.
Often have disorganized thoughts.,I do not agree with this statement.,I agree with this statement.
Often space out and lose track of what's going on.,I do not agree with this statement.,I agree with this statement.
Can't make up my mind.,I do not agree with this statement.,I agree with this statement.
Get confused easily.,I do not agree with this statement.,I agree with this statement.
Have difficulty keeping things in mind.,I do not agree with this statement.,I agree with this statement.
Let my attention wander off.,I do not agree with this statement.,I agree with this statement.
Often forget things.,I do not agree with this statement.,I agree with this statement.
Spill things.,I do not agree with this statement.,I agree with this statement.
Feel others’ emotions.,I do not agree with this statement.,I agree with this statement.
Inquire about others' well-being.,I do not agree with this statement.,I agree with this statement.
Like to do things for others.,I do not agree with this statement.,I agree with this statement.
Sympathize with others’ feelings.,I do not agree with this statement.,I agree with this statement.
Take an interest in other people’s lives.,I do not agree with this statement.,I agree with this statement.
Accept others' weaknesses.,I do not agree with this statement.,I agree with this statement.
Am inclined to forgive others.,I do not agree with this statement.,I agree with this statement.
Try to forgive and forget.,I do not agree with this statement.,I agree with this statement.
Excel in what I do.,I do not agree with this statement.,I agree with this statement.
Know how to apply my knowledge.,I do not agree with this statement.,I agree with this statement.
Learn quickly.,I do not agree with this statement.,I agree with this statement.
Look at the facts.,I do not agree with this statement.,I agree with this statement.
Meet challenges.,I do not agree with this statement.,I agree with this statement.
Need things explained only once.,I do not agree with this statement.,I agree with this statement.
Seek explanations of things.,I do not agree with this statement.,I agree with this statement.
Use my brain.,I do not agree with this statement.,I agree with this statement.
Am full of ideas.,I do not agree with this statement.,I agree with this statement.
Come up with good solutions.,I do not agree with this statement.,I agree with this statement.
Accomplish a lot of work.,I do not agree with this statement.,I agree with this statement.
Carry out my plans.,I do not agree with this statement.,I agree with this statement.
Complete tasks successfully.,I do not agree with this statement.,I agree with this statement.
Get things done quickly.,I do not agree with this statement.,I agree with this statement.
Accept challenging tasks.,I do not agree with this statement.,I agree with this statement.
Can perform a wide variety of tasks.,I do not agree with this statement.,I agree with this statement.
Feel up to any task.,I do not agree with this statement.,I agree with this statement.
Like to solve complex problems.,I do not agree with this statement.,I agree with this statement.
Believe in the importance of art.,I do not agree with this statement.,I agree with this statement.
Carry the conversation to a higher level.,I do not agree with this statement.,I agree with this statement.
Enjoy hearing new ideas.,I do not agree with this statement.,I agree with this statement.
Love to think up new ways of doing things.,I do not agree with this statement.,I agree with this statement.
Prefer variety to routine.,I do not agree with this statement.,I agree with this statement.
Am willing to talk about myself.,I do not agree with this statement.,I agree with this statement.
Can see different points of view.,I do not agree with this statement.,I agree with this statement.
Engage in discussions.,I do not agree with this statement.,I agree with this statement.
Enjoy thinking about things.,I do not agree with this statement.,I agree with this statement.
Understand people who think differently.,I do not agree with this statement.,I agree with this statement.
Enjoy discussing movies and books with others.,I do not agree with this statement.,I agree with this statement.
Find political discussions interesting.,I do not agree with this statement.,I agree with this statement.
Have a rich vocabulary.,I do not agree with this statement.,I agree with this statement.
Like to read.,I do not agree with this statement.,I agree with this statement.
Love to read challenging material.,I do not agree with this statement.,I agree with this statement.
Show a mastery of language.,I do not agree with this statement.,I agree with this statement.
Spend a lot of time reading.,I do not agree with this statement.,I agree with this statement.
Know the answers to many questions.,I do not agree with this statement.,I agree with this statement.
Read quickly.,I do not agree with this statement.,I agree with this statement.
Can't do without the company of others.,I do not agree with this statement.,I agree with this statement.
Let myself be influenced by others.,I do not agree with this statement.,I agree with this statement.
Need protection.,I do not agree with this statement.,I agree with this statement.
Need reassurance.,I do not agree with this statement.,I agree with this statement.
Need the approval of others.,I do not agree with this statement.,I agree with this statement.
Often need help.,I do not agree with this statement.,I agree with this statement.
Seek support.,I do not agree with this statement.,I agree with this statement.
Show my sadness.,I do not agree with this statement.,I agree with this statement.
Suspect that my facial expressions give me away when I feel sad.,I do not agree with this statement.,I agree with this statement.
Want to be liked.,I do not agree with this statement.,I agree with this statement.
Don't care what others think.,I do not agree with this statement.,I agree with this statement.
Don't care what people think of me.,I do not agree with this statement.,I agree with this statement.
Conform to others' opinions.,I do not agree with this statement.,I agree with this statement.
Do what others do.,I do not agree with this statement.,I agree with this statement.
Want to amount to something special in others' eyes.,I do not agree with this statement.,I agree with this statement.
Worry about what people think of me.,I do not agree with this statement.,I agree with this statement.
Do what others want me to do.,I do not agree with this statement.,I agree with this statement.
Follow directions.,I do not agree with this statement.,I agree with this statement.
Follow orders.,I do not agree with this statement.,I agree with this statement.
Hate to seem pushy.,I do not agree with this statement.,I agree with this statement.
Try to please everyone.,I do not agree with this statement.,I agree with this statement.
Believe laws should be strictly enforced.,I do not agree with this statement.,I agree with this statement.
Do things by the book.,I do not agree with this statement.,I agree with this statement.
Like order.,I do not agree with this statement.,I agree with this statement.
Pay attention to details.,I do not agree with this statement.,I agree with this statement.
Try to follow the rules.,I do not agree with this statement.,I agree with this statement.
Accomplish my work on time.,I do not agree with this statement.,I agree with this statement.
Am careful to avoid making mistakes.,I do not agree with this statement.,I agree with this statement.
Do things according to a plan.,I do not agree with this statement.,I agree with this statement.
Keep my checkbook balanced.,I do not agree with this statement.,I agree with this statement.
Like to plan ahead.,I do not agree with this statement.,I agree with this statement.
Return borrowed items.,I do not agree with this statement.,I agree with this statement.
Am always prepared.,I do not agree with this statement.,I agree with this statement.
Am exacting in my work.,I do not agree with this statement.,I agree with this statement.
Continue until everything is perfect.,I do not agree with this statement.,I agree with this statement.
Follow a schedule.,I do not agree with this statement.,I agree with this statement.
Get chores done right away.,I do not agree with this statement.,I agree with this statement.
Like to tidy up.,I do not agree with this statement.,I agree with this statement.
Love order and regularity.,I do not agree with this statement.,I agree with this statement.
Make plans and stick to them.,I do not agree with this statement.,I agree with this statement.
Carry out my plans.,I do not agree with this statement.,I agree with this statement.
Complete tasks successfully.,I do not agree with this statement.,I agree with this statement.
Finish what I start.,I do not agree with this statement.,I agree with this statement.
Follow through with my plans.,I do not agree with this statement.,I agree with this statement.
Dislike loud music.,I do not agree with this statement.,I agree with this statement.
Have no sympathy for criminals.,I do not agree with this statement.,I agree with this statement.
Like to follow a regular schedule.,I do not agree with this statement.,I agree with this statement.
Respect authority.,I do not agree with this statement.,I agree with this statement.
Want things to proceed according to plan.,I do not agree with this statement.,I agree with this statement.
Believe in one true religion.,I do not agree with this statement.,I agree with this statement.
Believe laws should be strictly enforced.,I do not agree with this statement.,I agree with this statement.
Believe that we should be tough on crime.,I do not agree with this statement.,I agree with this statement.
Like to stand during the national anthem.,I do not agree with this statement.,I agree with this statement.
Tend to vote for conservative political candidates.,I do not agree with this statement.,I agree with this statement.
Believe in the importance of tradition.,I do not agree with this statement.,I agree with this statement.
Believe kids need tough love.,I do not agree with this statement.,I agree with this statement.
Believe that there are universal truths.,I do not agree with this statement.,I agree with this statement.
Sacrifice myself for others.,I do not agree with this statement.,I agree with this statement.
Be a farmer,I do not agree with this statement.,I agree with this statement.
Be a forest ranger,I do not agree with this statement.,I agree with this statement.
Care for cattle or horses,I do not agree with this statement.,I agree with this statement.
Construct new buildings,I do not agree with this statement.,I agree with this statement.
Cultivate plants,I do not agree with this statement.,I agree with this statement.
Do woodworking,I do not agree with this statement.,I agree with this statement.
Go on nature walks,I do not agree with this statement.,I agree with this statement.
Raise flowers,I do not agree with this statement.,I agree with this statement.
Repair cars or trucks,I do not agree with this statement.,I agree with this statement.
Work with tools and machinery,I do not agree with this statement.,I agree with this statement.
Keep my cool.,I do not agree with this statement.,I agree with this statement.
Seldom get mad.,I do not agree with this statement.,I agree with this statement.
Listen to my conscience.,I do not agree with this statement.,I agree with this statement.
Value cooperation over competition.,I do not agree with this statement.,I agree with this statement.
Rarely overindulge.,I do not agree with this statement.,I agree with this statement.
Am easy to satisfy.,I do not agree with this statement.,I agree with this statement.
Can't stand confrontations.,I do not agree with this statement.,I agree with this statement.
Hate to seem pushy.,I do not agree with this statement.,I agree with this statement.
Ask questions that nobody else does.,I do not agree with this statement.,I agree with this statement.
Can easily link facts together.,I do not agree with this statement.,I agree with this statement.
Challenge others' points of view.,I do not agree with this statement.,I agree with this statement.
Know the answers to many questions.,I do not agree with this statement.,I agree with this statement.
Like to solve complex problems.,I do not agree with this statement.,I agree with this statement.
Am full of ideas.,I do not agree with this statement.,I agree with this statement.
Carry the conversation to a higher level.,I do not agree with this statement.,I agree with this statement.
Come up with something new.,I do not agree with this statement.,I agree with this statement.
Have a vivid imagination.,I do not agree with this statement.,I agree with this statement.
Have excellent ideas.,I do not agree with this statement.,I agree with this statement.
Love to think up new ways of doing things.,I do not agree with this statement.,I agree with this statement.
Know how things work.,I do not agree with this statement.,I agree with this statement.
Love to read challenging material.,I do not agree with this statement.,I agree with this statement.
Acted in a play.,I do not agree with this statement.,I agree with this statement.
Painted a picture.,I do not agree with this statement.,I agree with this statement.
Played a musical instrument.,I do not agree with this statement.,I agree with this statement.
Produced a work of art.,I do not agree with this statement.,I agree with this statement.
Sang or played an instrument in public.,I do not agree with this statement.,I agree with this statement.
Tried something completely new.,I do not agree with this statement.,I agree with this statement.
Wrote poetry.,I do not agree with this statement.,I agree with this statement.
Act in a play.,I do not agree with this statement.,I agree with this statement.
Be a professional dancer,I do not agree with this statement.,I agree with this statement.
Be an actor or actress,I do not agree with this statement.,I agree with this statement.
Be an artist or architect,I do not agree with this statement.,I agree with this statement.
Create new fashion designs,I do not agree with this statement.,I agree with this statement.
Create works of art,I do not agree with this statement.,I agree with this statement.
Design Internet web pages,I do not agree with this statement.,I agree with this statement.
Paint or draw,I do not agree with this statement.,I agree with this statement.
Play an instrument in a symphony,I do not agree with this statement.,I agree with this statement.
Redecorate one’s house,I do not agree with this statement.,I agree with this statement.
Select art works for a museum,I do not agree with this statement.,I agree with this statement.
Sing professionally,I do not agree with this statement.,I agree with this statement.
Write short stories or novels,I do not agree with this statement.,I agree with this statement.
Write songs,I do not agree with this statement.,I agree with this statement.
Am able to come up with new and different ideas.,I do not agree with this statement.,I agree with this statement.
Am an original thinker.,I do not agree with this statement.,I agree with this statement.
Come up with new ways to do things.,I do not agree with this statement.,I agree with this statement.
Have an imagination that stretches beyond that of my friends.,I do not agree with this statement.,I agree with this statement.
Like to think of new ways to do things.,I do not agree with this statement.,I agree with this statement.
Believe in the importance of art.,I do not agree with this statement.,I agree with this statement.
Enjoy hearing new ideas.,I do not agree with this statement.,I agree with this statement.
Get excited by new ideas.,I do not agree with this statement.,I agree with this statement.
Like music.,I do not agree with this statement.,I agree with this statement.
Love to learn new things.,I do not agree with this statement.,I agree with this statement.
Attended a ballet performance.,I do not agree with this statement.,I agree with this statement.
Attended a public lecture.,I do not agree with this statement.,I agree with this statement.
Attended a stage play or musical.,I do not agree with this statement.,I agree with this statement.
Attended an opera or a concert.,I do not agree with this statement.,I agree with this statement.
Visited a museum.,I do not agree with this statement.,I agree with this statement.
Visited an art exhibition.,I do not agree with this statement.,I agree with this statement.
Can perform a wide variety of tasks.,I do not agree with this statement.,I agree with this statement.
Have an eye for detail.,I do not agree with this statement.,I agree with this statement.
Know how things work.,I do not agree with this statement.,I agree with this statement.
Like to know how things work.,I do not agree with this statement.,I agree with this statement.
Like to solve complex problems.,I do not agree with this statement.,I agree with this statement.
Love to read challenging material.,I do not agree with this statement.,I agree with this statement.
Love to think up new ways of doing things.,I do not agree with this statement.,I agree with this statement.
Seek explanations of things.,I do not agree with this statement.,I agree with this statement.
Tend to analyze things.,I do not agree with this statement.,I agree with this statement.
Want to know the reasons why.,I do not agree with this statement.,I agree with this statement.
Want to see things for myself.,I do not agree with this statement.,I agree with this statement.
Am always busy with something interesting.,I do not agree with this statement.,I agree with this statement.
Am excited by many different activities.,I do not agree with this statement.,I agree with this statement.
Am never bored.,I do not agree with this statement.,I agree with this statement.
Can find something of interest in any situation.,I do not agree with this statement.,I agree with this statement.
Find the world a very interesting place.,I do not agree with this statement.,I agree with this statement.
Love to hear about other countries and cultures.,I do not agree with this statement.,I agree with this statement.
Think that my life is extremely interesting.,I do not agree with this statement.,I agree with this statement.
Choose my words with care.,I do not agree with this statement.,I agree with this statement.
Easily resist temptations.,I do not agree with this statement.,I agree with this statement.
Remain calm under pressure.,I do not agree with this statement.,I agree with this statement.
Take care of my own affairs.,I do not agree with this statement.,I agree with this statement.
Am sad most of the time.,I do not agree with this statement.,I agree with this statement.
Dislike myself.,I do not agree with this statement.,I agree with this statement.
Generally focus on the negative side of things.,I do not agree with this statement.,I agree with this statement.
Tend to feel very hopeless.,I do not agree with this statement.,I agree with this statement.
Am often down in the dumps.,I do not agree with this statement.,I agree with this statement.
Feel desperate.,I do not agree with this statement.,I agree with this statement.
Feel that my life lacks direction.,I do not agree with this statement.,I agree with this statement.
Have a low opinion of myself.,I do not agree with this statement.,I agree with this statement.
Have frequent mood swings.,I do not agree with this statement.,I agree with this statement.
Often feel blue.,I do not agree with this statement.,I agree with this statement.
Could not get going.,I do not agree with this statement.,I agree with this statement.
"Did not feel like eating, even though I should have been hungry.",I do not agree with this statement.,I agree with this statement.
Felt depressed.,I do not agree with this statement.,I agree with this statement.
Felt fearful.,I do not agree with this statement.,I agree with this statement.
Felt lonely.,I do not agree with this statement.,I agree with this statement.
Felt sad.,I do not agree with this statement.,I agree with this statement.
Felt that everything I did was an effort.,I do not agree with this statement.,I agree with this statement.
"Felt that I could not shake off the blues, even with help from my family or friends.",I do not agree with this statement.,I agree with this statement.
Felt that people disliked me.,I do not agree with this statement.,I agree with this statement.
Had a poor appetite.,I do not agree with this statement.,I agree with this statement.
Had crying spells.,I do not agree with this statement.,I agree with this statement.
Had restless sleep.,I do not agree with this statement.,I agree with this statement.
Had thoughts about death.,I do not agree with this statement.,I agree with this statement.
Had trouble keeping my mind on what I was doing.,I do not agree with this statement.,I agree with this statement.
Talked less than usual.,I do not agree with this statement.,I agree with this statement.
Thought about killing myself.,I do not agree with this statement.,I agree with this statement.
Thought my life had been a failure.,I do not agree with this statement.,I agree with this statement.
Was bothered by things that usually don't bother me.,I do not agree with this statement.,I agree with this statement.
Was down in the dumps.,I do not agree with this statement.,I agree with this statement.
Enjoy examining myself and my life.,I do not agree with this statement.,I agree with this statement.
Like to get lost in thought.,I do not agree with this statement.,I agree with this statement.
Look for hidden meanings in things.,I do not agree with this statement.,I agree with this statement.
Need to understand my motives.,I do not agree with this statement.,I agree with this statement.
Tend to analyze things.,I do not agree with this statement.,I agree with this statement.
Tend to think about something for hours.,I do not agree with this statement.,I agree with this statement.
Think deeply about things.,I do not agree with this statement.,I agree with this statement.
Am interested in many things.,I do not agree with this statement.,I agree with this statement.
Approach others in a positive manner.,I do not agree with this statement.,I agree with this statement.
Make people feel at ease.,I do not agree with this statement.,I agree with this statement.
See the humor in situations.,I do not agree with this statement.,I agree with this statement.
Want to increase my knowledge.,I do not agree with this statement.,I agree with this statement.
Am exacting in my work.,I do not agree with this statement.,I agree with this statement.
Complete tasks successfully.,I do not agree with this statement.,I agree with this statement.
Get started quickly on doing a job.,I do not agree with this statement.,I agree with this statement.
Push myself very hard to succeed.,I do not agree with this statement.,I agree with this statement.
Work hard.,I do not agree with this statement.,I agree with this statement.
Am not bothered by disorder.,I do not agree with this statement.,I agree with this statement.
Am not bothered by messy people.,I do not agree with this statement.,I agree with this statement.
Leave a mess in my room.,I do not agree with this statement.,I agree with this statement.
Often forget to put things back in their proper place.,I do not agree with this statement.,I agree with this statement.
Contradict others,I do not agree with this statement.,I agree with this statement.
Cut others to pieces.,I do not agree with this statement.,I agree with this statement.
Have a sharp tongue,I do not agree with this statement.,I agree with this statement.
Snap at people,I do not agree with this statement.,I agree with this statement.
Drove or rode somewhere without remembering later what happened during all or part of the trip.,I do not agree with this statement.,I agree with this statement.
Felt as though I was looking at the world through a fog so that people and objects appeared far away or unclear.,I do not agree with this statement.,I agree with this statement.
Felt like I was disconnected from my body.,I do not agree with this statement.,I agree with this statement.
Felt like I was dreaming when I was awake.,I do not agree with this statement.,I agree with this statement.
Felt that I could not move my hands or feet.,I do not agree with this statement.,I agree with this statement.
"Find that I sometimes sit staring off into space, thinking of nothing, and am not aware of the passage of time.",I do not agree with this statement.,I agree with this statement.
Find that in certain situations I am able to do things with amazing ease and spontaneity that would usually be difficult for me.,I do not agree with this statement.,I agree with this statement.
Find that in one situation I act so differently from when I'm in another situation that I feel almost as if I were two different people.,I do not agree with this statement.,I agree with this statement.
Found evidence that I had done things that I did not remember doing.,I do not agree with this statement.,I agree with this statement.
Found myself dressed in clothes I didn't remember putting on.,I do not agree with this statement.,I agree with this statement.
Found myself in a place and had no idea how I had gotten there.,I do not agree with this statement.,I agree with this statement.
Found new things among my belongings that I didn't remember buying.,I do not agree with this statement.,I agree with this statement.
Found that I became so involved in a fantasy or daydream that it felt like it was really happening to me.,I do not agree with this statement.,I agree with this statement.
Found that I could not remember whether I had done something or had just thought about doing that thing.,I do not agree with this statement.,I agree with this statement.
"Found that I had no memory for some important event in my life (for example, a wedding or graduation).",I do not agree with this statement.,I agree with this statement.
Found that I heard voices inside my head that told me to do things or commented on things that I was doing.,I do not agree with this statement.,I agree with this statement.
Found that I was able to ignore pain.,I do not agree with this statement.,I agree with this statement.
Found that when I was watching television or a movie I became so absorbed in the story that I was unaware of other events happening around me.,I do not agree with this statement.,I agree with this statement.
"Found writings, drawings, or notes among my belongings that I must have done but cannot remember doing.",I do not agree with this statement.,I agree with this statement.
Had the experience of being accused of lying when I did not think I had lied.,I do not agree with this statement.,I agree with this statement.
Had the experience of being in a familiar place but finding it strange and unfamiliar.,I do not agree with this statement.,I agree with this statement.
"Had the experience of feeling as though I was standing next to myself, or watching myself as if I was looking at a different person.",I do not agree with this statement.,I agree with this statement.
Had the experience of feeling that my body did not belong to me.,I do not agree with this statement.,I agree with this statement.
"Had the experience of feeling that other people, objects, and the world around me were not real.",I do not agree with this statement.,I agree with this statement.
Had the experience of looking in a mirror and not recognizing myself.,I do not agree with this statement.,I agree with this statement.
"Had the experience of not being sure whether things I remember happening really did happen, or whether I just dreamed them.",I do not agree with this statement.,I agree with this statement.
Had the experience of remembering a past event so vividly that it felt like I was reliving that event.,I do not agree with this statement.,I agree with this statement.
Talked out loud to myself.,I do not agree with this statement.,I agree with this statement.
Was approached by someone I didn't know who called me by another name or who insisted that he or she had met me before.,I do not agree with this statement.,I agree with this statement.
Was listening to someone talk and suddenly realized I did not hear part or all of what was said.,I do not agree with this statement.,I agree with this statement.
Was told that I sometimes do not recognize a friend or family member.,I do not agree with this statement.,I agree with this statement.
Am wary of others.,I do not agree with this statement.,I agree with this statement.
Believe that people are essentially evil.,I do not agree with this statement.,I agree with this statement.
Believe that people seldom tell you the whole truth.,I do not agree with this statement.,I agree with this statement.
Distrust people.,I do not agree with this statement.,I agree with this statement.
Find it hard to forgive others.,I do not agree with this statement.,I agree with this statement.
Suspect hidden motives in others.,I do not agree with this statement.,I agree with this statement.
Dislike myself.,I do not agree with this statement.,I agree with this statement.
Feel attacked by others.,I do not agree with this statement.,I agree with this statement.
Feel short-changed in life.,I do not agree with this statement.,I agree with this statement.
Feel that people have a hard time understanding me.,I do not agree with this statement.,I agree with this statement.
Have already gotten more than I deserve.,I do not agree with this statement.,I agree with this statement.
Let myself be used.,I do not agree with this statement.,I agree with this statement.
Let other people take the credit for my work.,I do not agree with this statement.,I agree with this statement.
Let people push me around to help them feel important.,I do not agree with this statement.,I agree with this statement.
Put up with anything.,I do not agree with this statement.,I agree with this statement.
Will agree to anything.,I do not agree with this statement.,I agree with this statement.
Am not afraid of providing criticism.,I do not agree with this statement.,I agree with this statement.
Can take strong measures.,I do not agree with this statement.,I agree with this statement.
Say what I think.,I do not agree with this statement.,I agree with this statement.
Take charge.,I do not agree with this statement.,I agree with this statement.
Take control of things.,I do not agree with this statement.,I agree with this statement.
Want to be in charge.,I do not agree with this statement.,I agree with this statement.
Am known as a controlling person.,I do not agree with this statement.,I agree with this statement.
Boss people around.,I do not agree with this statement.,I agree with this statement.
Have a strong need for power.,I do not agree with this statement.,I agree with this statement.
Insist that others do things my way.,I do not agree with this statement.,I agree with this statement.
Like having authority over others.,I do not agree with this statement.,I agree with this statement.
Make demands on others.,I do not agree with this statement.,I agree with this statement.
Am quick to correct others.,I do not agree with this statement.,I agree with this statement.
Challenge others' points of view.,I do not agree with this statement.,I agree with this statement.
Demand explanations from others.,I do not agree with this statement.,I agree with this statement.
Impose my will on others.,I do not agree with this statement.,I agree with this statement.
Lay down the law to others.,I do not agree with this statement.,I agree with this statement.
Put people under pressure.,I do not agree with this statement.,I agree with this statement.
Try to outdo others.,I do not agree with this statement.,I agree with this statement.
Try to surpass others' accomplishments.,I do not agree with this statement.,I agree with this statement.
Want to control the conversation.,I do not agree with this statement.,I agree with this statement.
Demand attention,I do not agree with this statement.,I agree with this statement.
Demand to be the center of interest.,I do not agree with this statement.,I agree with this statement.
Do most of the talking.,I do not agree with this statement.,I agree with this statement.
Speak loudly.,I do not agree with this statement.,I agree with this statement.
Believe in one true religion.,I do not agree with this statement.,I agree with this statement.
Believe laws should be strictly enforced.,I do not agree with this statement.,I agree with this statement.
Like to stand during the national anthem.,I do not agree with this statement.,I agree with this statement.
Respect authority.,I do not agree with this statement.,I agree with this statement.
Try to follow the rules.,I do not agree with this statement.,I agree with this statement.
Appreciate good manners.,I do not agree with this statement.,I agree with this statement.
Behave properly.,I do not agree with this statement.,I agree with this statement.
Check over my work.,I do not agree with this statement.,I agree with this statement.
Follow directions.,I do not agree with this statement.,I agree with this statement.
Keep myself well-groomed.,I do not agree with this statement.,I agree with this statement.
Stick to the rules.,I do not agree with this statement.,I agree with this statement.
Do things according to a plan.,I do not agree with this statement.,I agree with this statement.
Do things by the book.,I do not agree with this statement.,I agree with this statement.
Make plans and stick to them.,I do not agree with this statement.,I agree with this statement.
Would never cheat on my taxes.,I do not agree with this statement.,I agree with this statement.
Keep my promises.,I do not agree with this statement.,I agree with this statement.
Listen to my conscience.,I do not agree with this statement.,I agree with this statement.
Pay my bills on time.,I do not agree with this statement.,I agree with this statement.
Tell the truth.,I do not agree with this statement.,I agree with this statement.
Am exacting in my work.,I do not agree with this statement.,I agree with this statement.
Finish what I start.,I do not agree with this statement.,I agree with this statement.
Follow through with my plans.,I do not agree with this statement.,I agree with this statement.
Get chores done right away.,I do not agree with this statement.,I agree with this statement.
Make plans and stick to them.,I do not agree with this statement.,I agree with this statement.
"Base my goals in life on inspiration, rather than logic.",I do not agree with this statement.,I agree with this statement.
Believe emotions give direction to life.,I do not agree with this statement.,I agree with this statement.
Listen to my feelings when making important decisions.,I do not agree with this statement.,I agree with this statement.
Listen to my heart rather than my brain.,I do not agree with this statement.,I agree with this statement.
Plan my life based on how I feel.,I do not agree with this statement.,I agree with this statement.
Am emotionally reserved.,I do not agree with this statement.,I agree with this statement.
Am not good at describing the emotions I feel throughout the day.,I do not agree with this statement.,I agree with this statement.
Have difficulty expressing my feelings.,I do not agree with this statement.,I agree with this statement.
Have difficulty showing affection.,I do not agree with this statement.,I agree with this statement.
Think it's best to keep my emotions to myself.,I do not agree with this statement.,I agree with this statement.
Am not easily frustrated.,I do not agree with this statement.,I agree with this statement.
Am relaxed most of the time.,I do not agree with this statement.,I agree with this statement.
Feel comfortable with myself.,I do not agree with this statement.,I agree with this statement.
Readily overcome setbacks.,I do not agree with this statement.,I agree with this statement.
Seldom feel blue.,I do not agree with this statement.,I agree with this statement.
Am not easily bothered by things.,I do not agree with this statement.,I agree with this statement.
Take things as they come.,I do not agree with this statement.,I agree with this statement.
Rarely get irritated.,I do not agree with this statement.,I agree with this statement.
Seldom get mad.,I do not agree with this statement.,I agree with this statement.
Am annoyed by others' mistakes.,I do not agree with this statement.,I agree with this statement.
Am easily put out.,I do not agree with this statement.,I agree with this statement.
Am quick to judge others.,I do not agree with this statement.,I agree with this statement.
Can't stand being contradicted.,I do not agree with this statement.,I agree with this statement.
Get angry easily.,I do not agree with this statement.,I agree with this statement.
Get irritated easily.,I do not agree with this statement.,I agree with this statement.
Judge people by their appearance.,I do not agree with this statement.,I agree with this statement.
Am passionate about causes.,I do not agree with this statement.,I agree with this statement.
Enjoy examining myself and my life.,I do not agree with this statement.,I agree with this statement.
Experience my emotions intensely.,I do not agree with this statement.,I agree with this statement.
Feel others' emotions.,I do not agree with this statement.,I agree with this statement.
Try to understand myself.,I do not agree with this statement.,I agree with this statement.
Anticipate the needs of others.,I do not agree with this statement.,I agree with this statement.
Love to reflect on things.,I do not agree with this statement.,I agree with this statement.
Sense others' wishes.,I do not agree with this statement.,I agree with this statement.
Try to stay in touch with myself.,I do not agree with this statement.,I agree with this statement.
Work on improving myself.,I do not agree with this statement.,I agree with this statement.
Am concerned about others.,I do not agree with this statement.,I agree with this statement.
Believe that criminals should receive help rather than punishment.,I do not agree with this statement.,I agree with this statement.
Believe that the poor deserve our sympathy.,I do not agree with this statement.,I agree with this statement.
Feel sympathy for those who are worse off than myself.,I do not agree with this statement.,I agree with this statement.
Sympathize with the homeless.,I do not agree with this statement.,I agree with this statement.
Am not easily annoyed.,I do not agree with this statement.,I agree with this statement.
Feel others' emotions.,I do not agree with this statement.,I agree with this statement.
Know how to comfort others.,I do not agree with this statement.,I agree with this statement.
Make others feel good.,I do not agree with this statement.,I agree with this statement.
Rarely complain.,I do not agree with this statement.,I agree with this statement.
Rarely get irritated.,I do not agree with this statement.,I agree with this statement.
Am deeply moved by others' misfortunes.,I do not agree with this statement.,I agree with this statement.
Am easily moved to tears.,I do not agree with this statement.,I agree with this statement.
Cry easily.,I do not agree with this statement.,I agree with this statement.
Experience my emotions intensely.,I do not agree with this statement.,I agree with this statement.
Feel spiritally connected to other people.,I do not agree with this statement.,I agree with this statement.
Suffer from others' sorrows.,I do not agree with this statement.,I agree with this statement.
Have a good word for everyone.,I do not agree with this statement.,I agree with this statement.
Make people feel welcome.,I do not agree with this statement.,I agree with this statement.
Reassure others.,I do not agree with this statement.,I agree with this statement.
Take time out for others.,I do not agree with this statement.,I agree with this statement.
Return extra change when a cashier makes a mistake.,I do not agree with this statement.,I agree with this statement.
Try to follow the rules.,I do not agree with this statement.,I agree with this statement.
Would feel very badly for a long time if I were to steal from someone.,I do not agree with this statement.,I agree with this statement.
Would never cheat on my taxes.,I do not agree with this statement.,I agree with this statement.
Would never take things that aren't mine.,I do not agree with this statement.,I agree with this statement.
Admit when I am wrong.,I do not agree with this statement.,I agree with this statement.
Am a good listener.,I do not agree with this statement.,I agree with this statement.
Am committed to principles of justice and equality.,I do not agree with this statement.,I agree with this statement.
Believe that everyone should have a say.,I do not agree with this statement.,I agree with this statement.
Believe that everyone's rights are equally important.,I do not agree with this statement.,I agree with this statement.
Give everyone a chance.,I do not agree with this statement.,I agree with this statement.
Treat all people equally.,I do not agree with this statement.,I agree with this statement.
Am eager to soothe hurt feelings.,I do not agree with this statement.,I agree with this statement.
Feel excited or happy for no apparent reason.,I do not agree with this statement.,I agree with this statement.
Get caught up in the excitement when others are celebrating.,I do not agree with this statement.,I agree with this statement.
Get so happy or energetic that I am almost giddy.,I do not agree with this statement.,I agree with this statement.
Act wild and crazy.,I do not agree with this statement.,I agree with this statement.
Enjoy being part of a loud crowd.,I do not agree with this statement.,I agree with this statement.
Enjoy being reckless.,I do not agree with this statement.,I agree with this statement.
Love action.,I do not agree with this statement.,I agree with this statement.
Love excitement.,I do not agree with this statement.,I agree with this statement.
Seek adventure.,I do not agree with this statement.,I agree with this statement.
Seek danger.,I do not agree with this statement.,I agree with this statement.
Willing to try anything once.,I do not agree with this statement.,I agree with this statement.
Am likely to show off if I get the chance.,I do not agree with this statement.,I agree with this statement.
Am the life of the party.,I do not agree with this statement.,I agree with this statement.
Amuse my friends.,I do not agree with this statement.,I agree with this statement.
Don't mind being the center of attention.,I do not agree with this statement.,I agree with this statement.
Like to attract attention.,I do not agree with this statement.,I agree with this statement.
Would make a good actor.,I do not agree with this statement.,I agree with this statement.
Enjoy flirting with complete strangers.,I do not agree with this statement.,I agree with this statement.
Like to stand out in a crowd.,I do not agree with this statement.,I agree with this statement.
Love to be the center of attention.,I do not agree with this statement.,I agree with this statement.
Use my looks to get what I want.,I do not agree with this statement.,I agree with this statement.
Make myself the center of attention.,I do not agree with this statement.,I agree with this statement.
Am never at a loss for words.,I do not agree with this statement.,I agree with this statement.
Am the life of the party.,I do not agree with this statement.,I agree with this statement.
"Have an intense, boisterous laugh.",I do not agree with this statement.,I agree with this statement.
Talk a lot.,I do not agree with this statement.,I agree with this statement.
Tell people about it when I'm irritated.,I do not agree with this statement.,I agree with this statement.
Overuse my credit.,I do not agree with this statement.,I agree with this statement.
Spend more money than I have.,I do not agree with this statement.,I agree with this statement.
Am good at making impromptu speeches.,I do not agree with this statement.,I agree with this statement.
Am skilled in handling social situations.,I do not agree with this statement.,I agree with this statement.
Can talk others into doing things.,I do not agree with this statement.,I agree with this statement.
Express myself easily.,I do not agree with this statement.,I agree with this statement.
Have a natural talent for influencing people.,I do not agree with this statement.,I agree with this statement.
Am open about my feelings.,I do not agree with this statement.,I agree with this statement.
Make friends easily.,I do not agree with this statement.,I agree with this statement.
Never at a loss for words.,I do not agree with this statement.,I agree with this statement.
Take charge.,I do not agree with this statement.,I agree with this statement.
Talk to a lot of different people at parties.,I do not agree with this statement.,I agree with this statement.
Am the life of the party.,I do not agree with this statement.,I agree with this statement.
Don't mind being the center of attention.,I do not agree with this statement.,I agree with this statement.
Feel at ease with people.,I do not agree with this statement.,I agree with this statement.
Feel comfortable around people.,I do not agree with this statement.,I agree with this statement.
Know how to captivate people.,I do not agree with this statement.,I agree with this statement.
Start conversations.,I do not agree with this statement.,I agree with this statement.
Cheer people up.,I do not agree with this statement.,I agree with this statement.
Warm up quickly to others.,I do not agree with this statement.,I agree with this statement.
Am sometimes so preoccupied with my own thoughts I don't realize others are trying to speak to me.,I do not agree with this statement.,I agree with this statement.
Feel like my imagination can run wild.,I do not agree with this statement.,I agree with this statement.
Sometimes find myself in a trance-like state without trying.,I do not agree with this statement.,I agree with this statement.
Sometimes get lost in my daydreams.,I do not agree with this statement.,I agree with this statement.
Sometimes have extremely vivid pictures in my head.,I do not agree with this statement.,I agree with this statement.
Sometimes have fantasies that are overwhelming.,I do not agree with this statement.,I agree with this statement.
Am a physical coward.,I do not agree with this statement.,I agree with this statement.
Begin to panic when there is danger.,I do not agree with this statement.,I agree with this statement.
Tremble in dangerous situations.,I do not agree with this statement.,I agree with this statement.
Would fear walking in a high-crime part of a city.,I do not agree with this statement.,I agree with this statement.
Would never go riding down a stretch of rapids in a canoe.,I do not agree with this statement.,I agree with this statement.
Feel sympathy for those who are worse off than myself.,I do not agree with this statement.,I agree with this statement.
Like to watch figure skating.,I do not agree with this statement.,I agree with this statement.
Love children.,I do not agree with this statement.,I agree with this statement.
Love children's movies.,I do not agree with this statement.,I agree with this statement.
Radiate joy.,I do not agree with this statement.,I agree with this statement.
Try to stay in touch with myself.,I do not agree with this statement.,I agree with this statement.
Adjust easily.,I do not agree with this statement.,I agree with this statement.
Am good at taking advice.,I do not agree with this statement.,I agree with this statement.
Am not embarrassed easily.,I do not agree with this statement.,I agree with this statement.
Am very pleased with myself.,I do not agree with this statement.,I agree with this statement.
Readily overcome setbacks.,I do not agree with this statement.,I agree with this statement.
Take the initiative.,I do not agree with this statement.,I agree with this statement.
Am inclined to forgive others.,I do not agree with this statement.,I agree with this statement.
Am nice to people I should be angry at.,I do not agree with this statement.,I agree with this statement.
Love my enemies.,I do not agree with this statement.,I agree with this statement.
Try to forgive and forget.,I do not agree with this statement.,I agree with this statement.
Accept apologies easily.,I do not agree with this statement.,I agree with this statement.
Accept people as they are.,I do not agree with this statement.,I agree with this statement.
Am on good terms with nearly everyone.,I do not agree with this statement.,I agree with this statement.
Have a good word for everyone.,I do not agree with this statement.,I agree with this statement.
Quickly forget disagreements.,I do not agree with this statement.,I agree with this statement.
Allow others to make a fresh start.,I do not agree with this statement.,I agree with this statement.
Believe that it is best to forgive and forget.,I do not agree with this statement.,I agree with this statement.
Don't try to get even.,I do not agree with this statement.,I agree with this statement.
"Hate to see anyone suffer, even my worst enemy.",I do not agree with this statement.,I agree with this statement.
Let bygones be bygones.,I do not agree with this statement.,I agree with this statement.
Never seek vengeance.,I do not agree with this statement.,I agree with this statement.
Try to respond with understanding when someone treats me badly.,I do not agree with this statement.,I agree with this statement.
Don't mind being the center of attention.,I do not agree with this statement.,I agree with this statement.
Feel comfortable around people.,I do not agree with this statement.,I agree with this statement.
Make friends easily.,I do not agree with this statement.,I agree with this statement.
Start conversations.,I do not agree with this statement.,I agree with this statement.
Talk to a lot of different people at parties.,I do not agree with this statement.,I agree with this statement.
Act comfortably with others.,I do not agree with this statement.,I agree with this statement.
Am open about my feelings.,I do not agree with this statement.,I agree with this statement.
Radiate joy.,I do not agree with this statement.,I agree with this statement.
Warm up quickly to others.,I do not agree with this statement.,I agree with this statement.
Am interested in people.,I do not agree with this statement.,I agree with this statement.
Cheer people up.,I do not agree with this statement.,I agree with this statement.
Feel at ease with people.,I do not agree with this statement.,I agree with this statement.
Enjoy being part of a group.,I do not agree with this statement.,I agree with this statement.
Love to chat.,I do not agree with this statement.,I agree with this statement.
Enjoy bringing people together.,I do not agree with this statement.,I agree with this statement.
Accept people as they are.,I do not agree with this statement.,I agree with this statement.
Have a good word for everyone.,I do not agree with this statement.,I agree with this statement.
Rarely complain.,I do not agree with this statement.,I agree with this statement.
Take things as they come.,I do not agree with this statement.,I agree with this statement.
Feel lucky most of the time.,I do not agree with this statement.,I agree with this statement.
Believe that I am always right.,I do not agree with this statement.,I agree with this statement.
Believe that I am better than others.,I do not agree with this statement.,I agree with this statement.
Deserve special treatment from others.,I do not agree with this statement.,I agree with this statement.
Don't think I should have to wait in lines like others.,I do not agree with this statement.,I agree with this statement.
Feel that others are beneath me.,I do not agree with this statement.,I agree with this statement.
Should get special privileges.,I do not agree with this statement.,I agree with this statement.
Treat people as inferiors.,I do not agree with this statement.,I agree with this statement.
Am an extremely grateful person.,I do not agree with this statement.,I agree with this statement.
Express my thanks to those who care about me.,I do not agree with this statement.,I agree with this statement.
Feel a profound sense of appreciation every day.,I do not agree with this statement.,I agree with this statement.
Feel thankful for what I have received in life.,I do not agree with this statement.,I agree with this statement.
Have been richly blessed in my life.,I do not agree with this statement.,I agree with this statement.
Stop to count my blessings.,I do not agree with this statement.,I agree with this statement.
Don't strive for elegance in my appearance.,I do not agree with this statement.,I agree with this statement.
Would not enjoy being a famous celebrity.,I do not agree with this statement.,I agree with this statement.
Act wild and crazy.,I do not agree with this statement.,I agree with this statement.
Am the life of the party.,I do not agree with this statement.,I agree with this statement.
Amuse my friends.,I do not agree with this statement.,I agree with this statement.
Enjoy being part of a loud crowd.,I do not agree with this statement.,I agree with this statement.
Joke around a lot.,I do not agree with this statement.,I agree with this statement.
Love large parties.,I do not agree with this statement.,I agree with this statement.
Feel comfortable around people.,I do not agree with this statement.,I agree with this statement.
Make friends easily.,I do not agree with this statement.,I agree with this statement.
Start conversations.,I do not agree with this statement.,I agree with this statement.
Talk to a lot of different people at parties.,I do not agree with this statement.,I agree with this statement.
Warm up quickly to others.,I do not agree with this statement.,I agree with this statement.
Don't mind being the center of attention.,I do not agree with this statement.,I agree with this statement.
Know how to captivate people.,I do not agree with this statement.,I agree with this statement.
Love surprise parties.,I do not agree with this statement.,I agree with this statement.
Feel comfortable around people,I do not agree with this statement.,I agree with this statement.
Love large parties,I do not agree with this statement.,I agree with this statement.
Start conversations,I do not agree with this statement.,I agree with this statement.
Talk to a lot of different people at parties,I do not agree with this statement.,I agree with this statement.
Enjoy being part of a group.,I do not agree with this statement.,I agree with this statement.
Involve others in what I am doing.,I do not agree with this statement.,I agree with this statement.
Had someone over for dinner.,I do not agree with this statement.,I agree with this statement.
Planned a party.,I do not agree with this statement.,I agree with this statement.
Went to a large party.,I do not agree with this statement.,I agree with this statement.
Went to a small party.,I do not agree with this statement.,I agree with this statement.
Adapt easily to new situations.,I do not agree with this statement.,I agree with this statement.
Am sure of my ground.,I do not agree with this statement.,I agree with this statement.
Feel comfortable with myself.,I do not agree with this statement.,I agree with this statement.
Look at the bright side of life.,I do not agree with this statement.,I agree with this statement.
Seldom feel blue.,I do not agree with this statement.,I agree with this statement.
Am comfortable in unfamiliar situations.,I do not agree with this statement.,I agree with this statement.
Feel at ease with people.,I do not agree with this statement.,I agree with this statement.
Love life.,I do not agree with this statement.,I agree with this statement.
Am very pleased with myself.,I do not agree with this statement.,I agree with this statement.
Readily overcome setbacks.,I do not agree with this statement.,I agree with this statement.
Avoid dangerous situations.,I do not agree with this statement.,I agree with this statement.
Would never go hang gliding or bungee jumping.,I do not agree with this statement.,I agree with this statement.
Would never make a high risk investment.,I do not agree with this statement.,I agree with this statement.
Am afraid that my life will be cut short by illness.,I do not agree with this statement.,I agree with this statement.
Am prone to complain about my health.,I do not agree with this statement.,I agree with this statement.
Have medical problems that my doctors don't understand.,I do not agree with this statement.,I agree with this statement.
Often am concerned about diseases I might have.,I do not agree with this statement.,I agree with this statement.
Worry a lot about catching a serious illness.,I do not agree with this statement.,I agree with this statement.
Worry about my health.,I do not agree with this statement.,I agree with this statement.
Am true to my own values.,I do not agree with this statement.,I agree with this statement.
Am trusted to keep secrets.,I do not agree with this statement.,I agree with this statement.
Believe that honesty is the basis for trust.,I do not agree with this statement.,I agree with this statement.
Can be trusted to keep my promises.,I do not agree with this statement.,I agree with this statement.
Keep my promises.,I do not agree with this statement.,I agree with this statement.
Am not easily bothered by things.,I do not agree with this statement.,I agree with this statement.
Enjoy my work.,I do not agree with this statement.,I agree with this statement.
Keep my cool.,I do not agree with this statement.,I agree with this statement.
Feel comfortable with myself.,I do not agree with this statement.,I agree with this statement.
Just know that I will be a success.,I do not agree with this statement.,I agree with this statement.
Look at the bright side of life.,I do not agree with this statement.,I agree with this statement.
Seldom feel blue.,I do not agree with this statement.,I agree with this statement.
Keep improving myself.,I do not agree with this statement.,I agree with this statement.
Know what I want.,I do not agree with this statement.,I agree with this statement.
Love life.,I do not agree with this statement.,I agree with this statement.
Never give up hope.,I do not agree with this statement.,I agree with this statement.
Work on improving myself.,I do not agree with this statement.,I agree with this statement.
Can find the positive in what seems negative to others.,I do not agree with this statement.,I agree with this statement.
Look on the bright side.,I do not agree with this statement.,I agree with this statement.
Remain hopeful despite challenges.,I do not agree with this statement.,I agree with this statement.
Think about what is good in my life when I feel down.,I do not agree with this statement.,I agree with this statement.
Will succeed with the goals I set for myself.,I do not agree with this statement.,I agree with this statement.
Am excited to inflict pain on others.,I do not agree with this statement.,I agree with this statement.
Am often out for revenge.,I do not agree with this statement.,I agree with this statement.
Am ready to hit someone when I get angry.,I do not agree with this statement.,I agree with this statement.
Enjoy a good brawl.,I do not agree with this statement.,I agree with this statement.
Get even with others.,I do not agree with this statement.,I agree with this statement.
Hurt people.,I do not agree with this statement.,I agree with this statement.
Like to start fights.,I do not agree with this statement.,I agree with this statement.
Will spread false rumors as a way to hurt others.,I do not agree with this statement.,I agree with this statement.
Act wild and crazy.,I do not agree with this statement.,I agree with this statement.
Am relaxed most of the time.,I do not agree with this statement.,I agree with this statement.
Am willing to try anything once.,I do not agree with this statement.,I agree with this statement.
Enjoy being reckless.,I do not agree with this statement.,I agree with this statement.
Express childlike joy.,I do not agree with this statement.,I agree with this statement.
Have a lot of fun.,I do not agree with this statement.,I agree with this statement.
Have time for play and relaxation.,I do not agree with this statement.,I agree with this statement.
Know how to enjoy myself.,I do not agree with this statement.,I agree with this statement.
Let myself go.,I do not agree with this statement.,I agree with this statement.
Love excitement.,I do not agree with this statement.,I agree with this statement.
Amuse my friends.,I do not agree with this statement.,I agree with this statement.
Joke around a lot.,I do not agree with this statement.,I agree with this statement.
Like to amuse others.,I do not agree with this statement.,I agree with this statement.
Make jokes.,I do not agree with this statement.,I agree with this statement.
Have a great sense of humor.,I do not agree with this statement.,I agree with this statement.
Keep my sense of humor even in gloomy situations.,I do not agree with this statement.,I agree with this statement.
Try to add some humor to whatever I do.,I do not agree with this statement.,I agree with this statement.
Try to have fun in all kinds of situations.,I do not agree with this statement.,I agree with this statement.
Try to tease my friends out of their gloomy moods.,I do not agree with this statement.,I agree with this statement.
Use laughter to brighten the days of others.,I do not agree with this statement.,I agree with this statement.
Am often so assertive or sociable that I surprise myself.,I do not agree with this statement.,I agree with this statement.
Am so good at controlling others that it sometimes scares me.,I do not agree with this statement.,I agree with this statement.
Can play many roles convincingly.,I do not agree with this statement.,I agree with this statement.
Could be a success in many fields.,I do not agree with this statement.,I agree with this statement.
Have an uncommon ability to persuade or inspire others.,I do not agree with this statement.,I agree with this statement.
Have persuaded others to do something really adventurous or crazy.,I do not agree with this statement.,I agree with this statement.
Think I would make a good actor.,I do not agree with this statement.,I agree with this statement.
Would enjoy campaigning for political office.,I do not agree with this statement.,I agree with this statement.
Would make a good night-club comedian.,I do not agree with this statement.,I agree with this statement.
Am a person whose moods go up and down easily.,I do not agree with this statement.,I agree with this statement.
Am considered to be kind of eccentric.,I do not agree with this statement.,I agree with this statement.
Am often so restless that it is impossible for me to sit still.,I do not agree with this statement.,I agree with this statement.
Feel emotions with extreme intensity.,I do not agree with this statement.,I agree with this statement.
Find that my thoughts are racing.,I do not agree with this statement.,I agree with this statement.
Get into moods where I feel very speeded up and irritable.,I do not agree with this statement.,I agree with this statement.
Get so happy or energetic that I am almost giddy.,I do not agree with this statement.,I agree with this statement.
Tend to feel happy and irritable at the same time.,I do not agree with this statement.,I agree with this statement.
Do things that others find strange.,I do not agree with this statement.,I agree with this statement.
Do unexpected things.,I do not agree with this statement.,I agree with this statement.
Enjoy wild flights of fantasy.,I do not agree with this statement.,I agree with this statement.
Like to get lost in thought.,I do not agree with this statement.,I agree with this statement.
Love to daydream.,I do not agree with this statement.,I agree with this statement.
Swim against the current.,I do not agree with this statement.,I agree with this statement.
Take deviant positions.,I do not agree with this statement.,I agree with this statement.
Believe in the importance of art.,I do not agree with this statement.,I agree with this statement.
Have a vivid imagination.,I do not agree with this statement.,I agree with this statement.
Need a creative outlet.,I do not agree with this statement.,I agree with this statement.
Prefer variety to routine.,I do not agree with this statement.,I agree with this statement.
Love to reflect on things.,I do not agree with this statement.,I agree with this statement.
See beauty in things that others might not notice.,I do not agree with this statement.,I agree with this statement.
Indulge in my fantasies.,I do not agree with this statement.,I agree with this statement.
Spend time reflecting on things.,I do not agree with this statement.,I agree with this statement.
Experience my emotions intensely.,I do not agree with this statement.,I agree with this statement.
Get lost in my dreams.,I do not agree with this statement.,I agree with this statement.
Get so involved with things that I forget the time.,I do not agree with this statement.,I agree with this statement.
Do things I later regret.,I do not agree with this statement.,I agree with this statement.
Don't know why I do some of the things I do.,I do not agree with this statement.,I agree with this statement.
Go on binges.,I do not agree with this statement.,I agree with this statement.
Love to eat.,I do not agree with this statement.,I agree with this statement.
Often eat too much.,I do not agree with this statement.,I agree with this statement.
Am not easily affected by my emotions.,I do not agree with this statement.,I agree with this statement.
Seldom get emotional.,I do not agree with this statement.,I agree with this statement.
Always admit it when I make a mistake.,I do not agree with this statement.,I agree with this statement.
Believe there is never an excuse for lying.,I do not agree with this statement.,I agree with this statement.
Easily resist temptations.,I do not agree with this statement.,I agree with this statement.
Rarely overindulge.,I do not agree with this statement.,I agree with this statement.
Rarely talk about sex.,I do not agree with this statement.,I agree with this statement.
Return extra change when a cashier makes a mistake.,I do not agree with this statement.,I agree with this statement.
Tell the truth.,I do not agree with this statement.,I agree with this statement.
Try to follow the rules.,I do not agree with this statement.,I agree with this statement.
Would never cheat on my taxes.,I do not agree with this statement.,I agree with this statement.
Would never take things that aren't mine.,I do not agree with this statement.,I agree with this statement.
Keep my emotions under control.,I do not agree with this statement.,I agree with this statement.
Let others finish what they are saying.,I do not agree with this statement.,I agree with this statement.
Do things by the book.,I do not agree with this statement.,I agree with this statement.
Never splurge.,I do not agree with this statement.,I agree with this statement.
Stick to the rules.,I do not agree with this statement.,I agree with this statement.
Am able to control my cravings.,I do not agree with this statement.,I agree with this statement.
Carry out my plans.,I do not agree with this statement.,I agree with this statement.
Easily resist temptations.,I do not agree with this statement.,I agree with this statement.
Follow through with my plans.,I do not agree with this statement.,I agree with this statement.
Rarely overindulge.,I do not agree with this statement.,I agree with this statement.
Don't care about dressing nicely.,I do not agree with this statement.,I agree with this statement.
Don't care what others think.,I do not agree with this statement.,I agree with this statement.
Feel it's OK that some people don't like me.,I do not agree with this statement.,I agree with this statement.
Sail my own course.,I do not agree with this statement.,I agree with this statement.
Am always busy.,I do not agree with this statement.,I agree with this statement.
Am under constant pressure.,I do not agree with this statement.,I agree with this statement.
Complete tasks successfully.,I do not agree with this statement.,I agree with this statement.
Have too many things to do.,I do not agree with this statement.,I agree with this statement.
Put work above pleasure.,I do not agree with this statement.,I agree with this statement.
Work hard.,I do not agree with this statement.,I agree with this statement.
Always know what I am doing.,I do not agree with this statement.,I agree with this statement.
Carry out my plans.,I do not agree with this statement.,I agree with this statement.
Finish what I start.,I do not agree with this statement.,I agree with this statement.
Get things done quickly.,I do not agree with this statement.,I agree with this statement.
Accomplish a lot of work.,I do not agree with this statement.,I agree with this statement.
Am always on the go.,I do not agree with this statement.,I agree with this statement.
Am exacting in my work.,I do not agree with this statement.,I agree with this statement.
Am ready to do battle for a cause.,I do not agree with this statement.,I agree with this statement.
Do more than what's expected of me.,I do not agree with this statement.,I agree with this statement.
Set high standards for myself and others.,I do not agree with this statement.,I agree with this statement.
Am a goal-oriented person.,I do not agree with this statement.,I agree with this statement.
Am a hard worker.,I do not agree with this statement.,I agree with this statement.
Don't get sidetracked when I work.,I do not agree with this statement.,I agree with this statement.
Don't quit a task before it is finished.,I do not agree with this statement.,I agree with this statement.
Finish things despite obstacles in the way.,I do not agree with this statement.,I agree with this statement.
Am full of ideas.,I do not agree with this statement.,I agree with this statement.
Am good at many things.,I do not agree with this statement.,I agree with this statement.
Carry the conversation to a higher level.,I do not agree with this statement.,I agree with this statement.
Come up with bold plans.,I do not agree with this statement.,I agree with this statement.
Have excellent ideas.,I do not agree with this statement.,I agree with this statement.
Quickly think up new ideas.,I do not agree with this statement.,I agree with this statement.
Have a vivid imagination.,I do not agree with this statement.,I agree with this statement.
Love to think up new ways of doing things.,I do not agree with this statement.,I agree with this statement.
Finish tasks quickly.,I do not agree with this statement.,I agree with this statement.
Get chores done right away.,I do not agree with this statement.,I agree with this statement.
Get things done quickly.,I do not agree with this statement.,I agree with this statement.
Get to work at once.,I do not agree with this statement.,I agree with this statement.
Plunge into tasks with all my heart.,I do not agree with this statement.,I agree with this statement.
Start tasks right away.,I do not agree with this statement.,I agree with this statement.
Am interested in science.,I do not agree with this statement.,I agree with this statement.
Enjoy intellectual games.,I do not agree with this statement.,I agree with this statement.
Find political discussions interesting.,I do not agree with this statement.,I agree with this statement.
Have a rich vocabulary.,I do not agree with this statement.,I agree with this statement.
Love to read challenging material.,I do not agree with this statement.,I agree with this statement.
Would love to explore strange places.,I do not agree with this statement.,I agree with this statement.
Come up with alternatives.,I do not agree with this statement.,I agree with this statement.
Come up with something new.,I do not agree with this statement.,I agree with this statement.
Have a vivid imagination.,I do not agree with this statement.,I agree with this statement.
Put a new perspective on things.,I do not agree with this statement.,I agree with this statement.
Throw a new light on the situation.,I do not agree with this statement.,I agree with this statement.
Counter others' arguments.,I do not agree with this statement.,I agree with this statement.
Know the answers to many questions.,I do not agree with this statement.,I agree with this statement.
Learn quickly.,I do not agree with this statement.,I agree with this statement.
Make insightful remarks.,I do not agree with this statement.,I agree with this statement.
Reflect on things before acting.,I do not agree with this statement.,I agree with this statement.
Tend to analyze things.,I do not agree with this statement.,I agree with this statement.
Use my brain.,I do not agree with this statement.,I agree with this statement.
Weigh the pros against the cons.,I do not agree with this statement.,I agree with this statement.
Carry the conversation to a higher level.,I do not agree with this statement.,I agree with this statement.
Have a rich vocabulary.,I do not agree with this statement.,I agree with this statement.
Have excellent ideas.,I do not agree with this statement.,I agree with this statement.
Quick to understand things.,I do not agree with this statement.,I agree with this statement.
Enjoy thinking about things.,I do not agree with this statement.,I agree with this statement.
Show a mastery of language.,I do not agree with this statement.,I agree with this statement.
Try to understand myself.,I do not agree with this statement.,I agree with this statement.
Use difficult words.,I do not agree with this statement.,I agree with this statement.
Am quick to understand things.,I do not agree with this statement.,I agree with this statement.
Can handle a lot of information.,I do not agree with this statement.,I agree with this statement.
Formulate ideas clearly.,I do not agree with this statement.,I agree with this statement.
Like to solve complex problems.,I do not agree with this statement.,I agree with this statement.
Think quickly.,I do not agree with this statement.,I agree with this statement.
Am full of ideas.,I do not agree with this statement.,I agree with this statement.
Am good at many things.,I do not agree with this statement.,I agree with this statement.
Catch on to things quickly.,I do not agree with this statement.,I agree with this statement.
Have a vivid imagination.,I do not agree with this statement.,I agree with this statement.
Love to read challenging material.,I do not agree with this statement.,I agree with this statement.
Love to think up new ways of doing things.,I do not agree with this statement.,I agree with this statement.
Spend time reflecting on things.,I do not agree with this statement.,I agree with this statement.
Enjoy contemplation.,I do not agree with this statement.,I agree with this statement.
Enjoy thought-provoking movies.,I do not agree with this statement.,I agree with this statement.
Find political discussions interesting.,I do not agree with this statement.,I agree with this statement.
Read quickly.,I do not agree with this statement.,I agree with this statement.
Am interested in many things.,I do not agree with this statement.,I agree with this statement.
Am open to change.,I do not agree with this statement.,I agree with this statement.
Carry the conversation to a higher level.,I do not agree with this statement.,I agree with this statement.
Prefer variety to routine.,I do not agree with this statement.,I agree with this statement.
Want to increase my knowledge.,I do not agree with this statement.,I agree with this statement.
Am quick to understand things.,I do not agree with this statement.,I agree with this statement.
Believe in the importance of art.,I do not agree with this statement.,I agree with this statement.
Can handle a lot of information.,I do not agree with this statement.,I agree with this statement.
Enjoy the beauty of nature.,I do not agree with this statement.,I agree with this statement.
Formulate ideas clearly.,I do not agree with this statement.,I agree with this statement.
Get deeply immersed in music.,I do not agree with this statement.,I agree with this statement.
Have a rich vocabulary.,I do not agree with this statement.,I agree with this statement.
Like to solve complex problems.,I do not agree with this statement.,I agree with this statement.
Love to reflect on things.,I do not agree with this statement.,I agree with this statement.
Need a creative outlet.,I do not agree with this statement.,I agree with this statement.
See beauty in things that others might not notice.,I do not agree with this statement.,I agree with this statement.
Think quickly.,I do not agree with this statement.,I agree with this statement.
Am interested in many things.,I do not agree with this statement.,I agree with this statement.
Find political discussions interesting.,I do not agree with this statement.,I agree with this statement.
Love to learn new things.,I do not agree with this statement.,I agree with this statement.
Love to read challenging material.,I do not agree with this statement.,I agree with this statement.
Want to increase my knowledge.,I do not agree with this statement.,I agree with this statement.
Believe in the importance of art.,I do not agree with this statement.,I agree with this statement.
Enjoy discussing movies and books with others.,I do not agree with this statement.,I agree with this statement.
Enjoy examining myself and my life.,I do not agree with this statement.,I agree with this statement.
Have a rich vocabulary.,I do not agree with this statement.,I agree with this statement.
Try to examine myself objectively.,I do not agree with this statement.,I agree with this statement.
Let a child win a game.,I do not agree with this statement.,I agree with this statement.
Played with a child.,I do not agree with this statement.,I agree with this statement.
Read a story to a child.,I do not agree with this statement.,I agree with this statement.
Read the comics to a child.,I do not agree with this statement.,I agree with this statement.
Served as a baby sitter.,I do not agree with this statement.,I agree with this statement.
Took a child on an outing.,I do not agree with this statement.,I agree with this statement.
Bought a book about the things that I collect.,I do not agree with this statement.,I agree with this statement.
Bought something for my collection.,I do not agree with this statement.,I agree with this statement.
Read a book about the things that I collect.,I do not agree with this statement.,I agree with this statement.
Traded something in my collection.,I do not agree with this statement.,I agree with this statement.
Worked on my collection.,I do not agree with this statement.,I agree with this statement.
Looked up information on the Internet.,I do not agree with this statement.,I agree with this statement.
Played a computer game.,I do not agree with this statement.,I agree with this statement.
Read news on the Internet.,I do not agree with this statement.,I agree with this statement.
Sent a message by electronic mail (e-mail).,I do not agree with this statement.,I agree with this statement.
Surfed the Internet.,I do not agree with this statement.,I agree with this statement.
Used a computer.,I do not agree with this statement.,I agree with this statement.
Became intoxicated.,I do not agree with this statement.,I agree with this statement.
Drank beer or wine.,I do not agree with this statement.,I agree with this statement.
Drank in a bar or night club.,I do not agree with this statement.,I agree with this statement.
"Drank whiskey, vodka, gin, or other hard liquor.",I do not agree with this statement.,I agree with this statement.
Had a hangover.,I do not agree with this statement.,I agree with this statement.
Changed a habit to have less impact on the environment.,I do not agree with this statement.,I agree with this statement.
Composted food scraps or yard waste.,I do not agree with this statement.,I agree with this statement.
Picked up litter.,I do not agree with this statement.,I agree with this statement.
Recycled one or more items.,I do not agree with this statement.,I agree with this statement.
Used both sides of a piece of paper before discarding it.,I do not agree with this statement.,I agree with this statement.
Used public transportation.,I do not agree with this statement.,I agree with this statement.
Walked or rode a bicycle to work.,I do not agree with this statement.,I agree with this statement.
Did aerobic exercise.,I do not agree with this statement.,I agree with this statement.
Did yoga or other movement exercises.,I do not agree with this statement.,I agree with this statement.
Exercised for 40 minutes or longer.,I do not agree with this statement.,I agree with this statement.
Lifted weights.,I do not agree with this statement.,I agree with this statement.
Participated in an exercise program.,I do not agree with this statement.,I agree with this statement.
Used an exercise machine.,I do not agree with this statement.,I agree with this statement.
Went running or jogging.,I do not agree with this statement.,I agree with this statement.
Ate candy.,I do not agree with this statement.,I agree with this statement.
Ate food while walking or working.,I do not agree with this statement.,I agree with this statement.
Ate in a restaurant.,I do not agree with this statement.,I agree with this statement.
Ate or drank while driving.,I do not agree with this statement.,I agree with this statement.
Ate too much.,I do not agree with this statement.,I agree with this statement.
Chewed gum.,I do not agree with this statement.,I agree with this statement.
Ordered food to be delivered.,I do not agree with this statement.,I agree with this statement.
Bet money on a sports event.,I do not agree with this statement.,I agree with this statement.
Gambled on a slot machine or video poker game.,I do not agree with this statement.,I agree with this statement.
Gambled with cards or dice.,I do not agree with this statement.,I agree with this statement.
Played bingo for money.,I do not agree with this statement.,I agree with this statement.
Purchased a scratch ticket.,I do not agree with this statement.,I agree with this statement.
Went to a casino.,I do not agree with this statement.,I agree with this statement.
Enjoy cartoons.,I do not agree with this statement.,I agree with this statement.
Enjoy games of strategy.,I do not agree with this statement.,I agree with this statement.
Learned a new board or card game.,I do not agree with this statement.,I agree with this statement.
Played a board game.,I do not agree with this statement.,I agree with this statement.
Played cards.,I do not agree with this statement.,I agree with this statement.
Played chess or checkers.,I do not agree with this statement.,I agree with this statement.
Worked on a jigsaw puzzle.,I do not agree with this statement.,I agree with this statement.
Bought or picked flowers.,I do not agree with this statement.,I agree with this statement.
Bought plants for a garden or yard.,I do not agree with this statement.,I agree with this statement.
Cared for a potted plant.,I do not agree with this statement.,I agree with this statement.
Did yard work.,I do not agree with this statement.,I agree with this statement.
Gardened.,I do not agree with this statement.,I agree with this statement.
Planted or transplanted a plant.,I do not agree with this statement.,I agree with this statement.
"Baked a cake, pie, cookies, or bread.",I do not agree with this statement.,I agree with this statement.
Cleaned the house.,I do not agree with this statement.,I agree with this statement.
Cooked a meal.,I do not agree with this statement.,I agree with this statement.
Ironed linens or clothes.,I do not agree with this statement.,I agree with this statement.
"Knitted, quilted, sewed, or crocheted.",I do not agree with this statement.,I agree with this statement.
Made a bed.,I do not agree with this statement.,I agree with this statement.
Washed dishes.,I do not agree with this statement.,I agree with this statement.
Made an entry in a diary or journal.,I do not agree with this statement.,I agree with this statement.
Put pictures in a photo album.,I do not agree with this statement.,I agree with this statement.
Worked on a scrap book.,I do not agree with this statement.,I agree with this statement.
Wrote a handwritten letter.,I do not agree with this statement.,I agree with this statement.
Wrote a postcard.,I do not agree with this statement.,I agree with this statement.
Wrote a thank-you note.,I do not agree with this statement.,I agree with this statement.
Wrote poetry.,I do not agree with this statement.,I agree with this statement.
Bought or sold real estate.,I do not agree with this statement.,I agree with this statement.
Bought or sold stocks or bonds.,I do not agree with this statement.,I agree with this statement.
Obtained stock market prices.,I do not agree with this statement.,I agree with this statement.
Purchased a commodity as an investment.,I do not agree with this statement.,I agree with this statement.
Read a book on a financial topic.,I do not agree with this statement.,I agree with this statement.
Worked on a retirement plan.,I do not agree with this statement.,I agree with this statement.
Downloaded music from the Internet.,I do not agree with this statement.,I agree with this statement.
Listened to music on the radio.,I do not agree with this statement.,I agree with this statement.
Listened to music while working.,I do not agree with this statement.,I agree with this statement.
Purchased a musical album.,I do not agree with this statement.,I agree with this statement.
Read music-related news.,I do not agree with this statement.,I agree with this statement.
Shopped in a music store.,I do not agree with this statement.,I agree with this statement.
Traded music with a friend.,I do not agree with this statement.,I agree with this statement.
Used an mp3 player or Ipod.,I do not agree with this statement.,I agree with this statement.
Walked on a beach.,I do not agree with this statement.,I agree with this statement.
Went backpacking or camping.,I do not agree with this statement.,I agree with this statement.
Went boating or rafting.,I do not agree with this statement.,I agree with this statement.
Went fishing or hunting.,I do not agree with this statement.,I agree with this statement.
Went on a hike.,I do not agree with this statement.,I agree with this statement.
Went on a picnic.,I do not agree with this statement.,I agree with this statement.
Went swimming.,I do not agree with this statement.,I agree with this statement.
Bathed or groomed a pet animal.,I do not agree with this statement.,I agree with this statement.
Cared for a pet animal.,I do not agree with this statement.,I agree with this statement.
Entertained six or more people.,I do not agree with this statement.,I agree with this statement.
Fed a pet animal.,I do not agree with this statement.,I agree with this statement.
Played with a pet animal.,I do not agree with this statement.,I agree with this statement.
Purchased a pet animal.,I do not agree with this statement.,I agree with this statement.
Attended a rally or demonstration.,I do not agree with this statement.,I agree with this statement.
Attended a town meeting.,I do not agree with this statement.,I agree with this statement.
Donated money to a political campaign or cause.,I do not agree with this statement.,I agree with this statement.
Donated money to charity.,I do not agree with this statement.,I agree with this statement.
Signed a petition.,I do not agree with this statement.,I agree with this statement.
Volunteered for a club or organization.,I do not agree with this statement.,I agree with this statement.
Wrote a letter to a newspaper or politician.,I do not agree with this statement.,I agree with this statement.
Attended a formal dance.,I do not agree with this statement.,I agree with this statement.
Dined by candle light.,I do not agree with this statement.,I agree with this statement.
Went dancing.,I do not agree with this statement.,I agree with this statement.
Went on a date.,I do not agree with this statement.,I agree with this statement.
Wore formal clothing.,I do not agree with this statement.,I agree with this statement.
Wrote a love letter.,I do not agree with this statement.,I agree with this statement.
Bought a self-help book.,I do not agree with this statement.,I agree with this statement.
Enrolled in a course of study.,I do not agree with this statement.,I agree with this statement.
Learned a new skill.,I do not agree with this statement.,I agree with this statement.
Read a self-help book.,I do not agree with this statement.,I agree with this statement.
Studied some subject.,I do not agree with this statement.,I agree with this statement.
Bought something other than groceries.,I do not agree with this statement.,I agree with this statement.
Checked the sales ads in a newspaper.,I do not agree with this statement.,I agree with this statement.
Read newspaper ads for non-grocery items.,I do not agree with this statement.,I agree with this statement.
Shopped on the web.,I do not agree with this statement.,I agree with this statement.
Spent 10 minutes or more in a non-grocery store.,I do not agree with this statement.,I agree with this statement.
Spent an hour or more in a non-grocery store.,I do not agree with this statement.,I agree with this statement.
Used eBay to buy or sell something.,I do not agree with this statement.,I agree with this statement.
Made an entry on a personal web-page.,I do not agree with this statement.,I agree with this statement.
Participated in an online discussion group.,I do not agree with this statement.,I agree with this statement.
Read someone’s personal web-page.,I do not agree with this statement.,I agree with this statement.
Used a computer for social networking.,I do not agree with this statement.,I agree with this statement.
Used instant messaging to chat online.,I do not agree with this statement.,I agree with this statement.
Attended an athletic event.,I do not agree with this statement.,I agree with this statement.
Discussed sports.,I do not agree with this statement.,I agree with this statement.
Played a team sport.,I do not agree with this statement.,I agree with this statement.
Played basketball.,I do not agree with this statement.,I agree with this statement.
Played tennis or golf.,I do not agree with this statement.,I agree with this statement.
Watched a televised sports event.,I do not agree with this statement.,I agree with this statement.
"Stayed in a hotel, motel, or resort.",I do not agree with this statement.,I agree with this statement.
Took a trip.,I do not agree with this statement.,I agree with this statement.
Took travel photographs.,I do not agree with this statement.,I agree with this statement.
Traveled by train or plane.,I do not agree with this statement.,I agree with this statement.
Went on a cruise or tour.,I do not agree with this statement.,I agree with this statement.
Went sightseeing.,I do not agree with this statement.,I agree with this statement.
"Bought a car, truck or motorcycle.",I do not agree with this statement.,I agree with this statement.
"Raced a car, truck or motorcycle.",I do not agree with this statement.,I agree with this statement.
Read a car magazine or book.,I do not agree with this statement.,I agree with this statement.
Rode a motorcycle.,I do not agree with this statement.,I agree with this statement.
Recorded a television program.,I do not agree with this statement.,I agree with this statement.
Watched a television reality show.,I do not agree with this statement.,I agree with this statement.
Watched a television soap opera.,I do not agree with this statement.,I agree with this statement.
Watched a television talk show.,I do not agree with this statement.,I agree with this statement.
Watched television news.,I do not agree with this statement.,I agree with this statement.
Watched television.,I do not agree with this statement.,I agree with this statement.
Watched too much television.,I do not agree with this statement.,I agree with this statement.
Do things at my own pace.,I do not agree with this statement.,I agree with this statement.
Don't mind eating alone.,I do not agree with this statement.,I agree with this statement.
Enjoy contemplation.,I do not agree with this statement.,I agree with this statement.
Enjoy my privacy.,I do not agree with this statement.,I agree with this statement.
Enjoy spending time by myself.,I do not agree with this statement.,I agree with this statement.
Have a point of view all my own.,I do not agree with this statement.,I agree with this statement.
Live in a world of my own.,I do not agree with this statement.,I agree with this statement.
Prefer to be alone.,I do not agree with this statement.,I agree with this statement.
Spend time reflecting on things.,I do not agree with this statement.,I agree with this statement.
Want to be left alone.,I do not agree with this statement.,I agree with this statement.
Am constantly reflecting about myself.,I do not agree with this statement.,I agree with this statement.
Examine my motives constantly.,I do not agree with this statement.,I agree with this statement.
Like to get lost in thought.,I do not agree with this statement.,I agree with this statement.
Look for hidden meaning in things.,I do not agree with this statement.,I agree with this statement.
Try to examine myself objectively.,I do not agree with this statement.,I agree with this statement.
Enjoy examining myself and my life.,I do not agree with this statement.,I agree with this statement.
Look for hidden meanings in things.,I do not agree with this statement.,I agree with this statement.
Try to understand myself.,I do not agree with this statement.,I agree with this statement.
Don't mind eating alone.,I do not agree with this statement.,I agree with this statement.
Enjoy my privacy.,I do not agree with this statement.,I agree with this statement.
Enjoy silence.,I do not agree with this statement.,I agree with this statement.
Enjoy spending time by myself.,I do not agree with this statement.,I agree with this statement.
Prefer to do things by myself.,I do not agree with this statement.,I agree with this statement.
Seek quiet.,I do not agree with this statement.,I agree with this statement.
Want to be left alone.,I do not agree with this statement.,I agree with this statement.
Dislike being the center of attention.,I do not agree with this statement.,I agree with this statement.
Don't like to draw attention to myself.,I do not agree with this statement.,I agree with this statement.
Don't talk a lot.,I do not agree with this statement.,I agree with this statement.
Keep in the background.,I do not agree with this statement.,I agree with this statement.
Am a very private person,I do not agree with this statement.,I agree with this statement.
Am quiet around strangers,I do not agree with this statement.,I agree with this statement.
Don't talk a lot,I do not agree with this statement.,I agree with this statement.
Have little to say,I do not agree with this statement.,I agree with this statement.
Am able to read the minds of others.,I do not agree with this statement.,I agree with this statement.
Believe I have supernatural powers.,I do not agree with this statement.,I agree with this statement.
Can control objects with my mind.,I do not agree with this statement.,I agree with this statement.
Can predict the outcome of events.,I do not agree with this statement.,I agree with this statement.
Can see into the future.,I do not agree with this statement.,I agree with this statement.
Have the power to cast spells on others.,I do not agree with this statement.,I agree with this statement.
Use magic to ward off bad thoughts about me.,I do not agree with this statement.,I agree with this statement.
Am not a dependable person.,I do not agree with this statement.,I agree with this statement.
Avoid responsibilities.,I do not agree with this statement.,I agree with this statement.
Cannot be counted on to get things done.,I do not agree with this statement.,I agree with this statement.
Neglect my duties.,I do not agree with this statement.,I agree with this statement.
Feel lucky most of the time.,I do not agree with this statement.,I agree with this statement.
Have a lot of fun.,I do not agree with this statement.,I agree with this statement.
Just know that I will be a success.,I do not agree with this statement.,I agree with this statement.
Love life.,I do not agree with this statement.,I agree with this statement.
Radiate joy.,I do not agree with this statement.,I agree with this statement.
Am a firm believer in thinking things through.,I do not agree with this statement.,I agree with this statement.
Am valued by my friends for my good judgment.,I do not agree with this statement.,I agree with this statement.
Am valued by others for my objectivity.,I do not agree with this statement.,I agree with this statement.
Make decisions only after I have all of the facts.,I do not agree with this statement.,I agree with this statement.
Try to have good reasons for my important decisions.,I do not agree with this statement.,I agree with this statement.
Try to identify the reasons for my actions.,I do not agree with this statement.,I agree with this statement.
Weigh the pro's and the con's.,I do not agree with this statement.,I agree with this statement.
Am never too busy to help a friend.,I do not agree with this statement.,I agree with this statement.
Call my friends when they are sick.,I do not agree with this statement.,I agree with this statement.
Get as excited about the good fortunes of others as I am about my own.,I do not agree with this statement.,I agree with this statement.
Go out of my way to cheer up people who appear down.,I do not agree with this statement.,I agree with this statement.
Helped a neighbor in the last month.,I do not agree with this statement.,I agree with this statement.
Love to let others share the spotlight.,I do not agree with this statement.,I agree with this statement.
Love to make other people happy.,I do not agree with this statement.,I agree with this statement.
Can handle a lot of information.,I do not agree with this statement.,I agree with this statement.
Have a rich vocabulary.,I do not agree with this statement.,I agree with this statement.
Show a mastery of language.,I do not agree with this statement.,I agree with this statement.
Use difficult words.,I do not agree with this statement.,I agree with this statement.
Be a foreign correspondent,I do not agree with this statement.,I agree with this statement.
Be a librarian,I do not agree with this statement.,I agree with this statement.
Be a professor of English,I do not agree with this statement.,I agree with this statement.
Be a translator or interpreter,I do not agree with this statement.,I agree with this statement.
Edit a newspaper,I do not agree with this statement.,I agree with this statement.
Keep a diary or journal,I do not agree with this statement.,I agree with this statement.
Know many languages,I do not agree with this statement.,I agree with this statement.
Make up word puzzles,I do not agree with this statement.,I agree with this statement.
Read many books,I do not agree with this statement.,I agree with this statement.
Speak fluently on any subject,I do not agree with this statement.,I agree with this statement.
Find it easy to manipulate others.,I do not agree with this statement.,I agree with this statement.
Have a strong need for power.,I do not agree with this statement.,I agree with this statement.
Like having authority over others.,I do not agree with this statement.,I agree with this statement.
See myself as a good leader.,I do not agree with this statement.,I agree with this statement.
Try to lead others.,I do not agree with this statement.,I agree with this statement.
Want to be in charge.,I do not agree with this statement.,I agree with this statement.
Am the first to act.,I do not agree with this statement.,I agree with this statement.
Express myself easily.,I do not agree with this statement.,I agree with this statement.
Know how to captivate people.,I do not agree with this statement.,I agree with this statement.
Never at a loss for words.,I do not agree with this statement.,I agree with this statement.
Take charge.,I do not agree with this statement.,I agree with this statement.
Take the initiative.,I do not agree with this statement.,I agree with this statement.
Think highly of myself.,I do not agree with this statement.,I agree with this statement.
Can talk others into doing things.,I do not agree with this statement.,I agree with this statement.
Be a sales or marketing director,I do not agree with this statement.,I agree with this statement.
Be a state governor or senator,I do not agree with this statement.,I agree with this statement.
Be the chief executive of a large company,I do not agree with this statement.,I agree with this statement.
Be the master of ceremonies at a meeting,I do not agree with this statement.,I agree with this statement.
Debate topics in a public meeting,I do not agree with this statement.,I agree with this statement.
Lead other people,I do not agree with this statement.,I agree with this statement.
Make decisions that affect a lot of people,I do not agree with this statement.,I agree with this statement.
Make important things happen,I do not agree with this statement.,I agree with this statement.
Organize a political campaign,I do not agree with this statement.,I agree with this statement.
Persuade others to change their views,I do not agree with this statement.,I agree with this statement.
Plan an advertising campaign,I do not agree with this statement.,I agree with this statement.
Run for political office,I do not agree with this statement.,I agree with this statement.
Am good at helping people work well together.,I do not agree with this statement.,I agree with this statement.
Am told that I am a strong but fair leader.,I do not agree with this statement.,I agree with this statement.
Try to make my group members happy.,I do not agree with this statement.,I agree with this statement.
Try to make sure everyone in a group feels included.,I do not agree with this statement.,I agree with this statement.
Believe in the importance of art.,I do not agree with this statement.,I agree with this statement.
Tend to vote for liberal political candidates.,I do not agree with this statement.,I agree with this statement.
Believe that criminals should receive help rather than punishment.,I do not agree with this statement.,I agree with this statement.
Believe that there is no absolute right or wrong.,I do not agree with this statement.,I agree with this statement.
Am usually active and full of energy.,I do not agree with this statement.,I agree with this statement.
Feel healthy and vibrant most of the time.,I do not agree with this statement.,I agree with this statement.
Feel that I have a lot of inner strength.,I do not agree with this statement.,I agree with this statement.
Have a lot of fun.,I do not agree with this statement.,I agree with this statement.
Have great stamina.,I do not agree with this statement.,I agree with this statement.
Laugh a lot.,I do not agree with this statement.,I agree with this statement.
Maintain high energy throughout the day.,I do not agree with this statement.,I agree with this statement.
Smile a lot.,I do not agree with this statement.,I agree with this statement.
Act comfortably with others.,I do not agree with this statement.,I agree with this statement.
Believe that my success depends on ability rather than luck.,I do not agree with this statement.,I agree with this statement.
Come up with good solutions.,I do not agree with this statement.,I agree with this statement.
Feel comfortable with myself.,I do not agree with this statement.,I agree with this statement.
Feel up to any task.,I do not agree with this statement.,I agree with this statement.
Just know that I will be a success.,I do not agree with this statement.,I agree with this statement.
Like to take responsibility for making decisions.,I do not agree with this statement.,I agree with this statement.
Love life.,I do not agree with this statement.,I agree with this statement.
Make a decision and move on.,I do not agree with this statement.,I agree with this statement.
Take the initiative.,I do not agree with this statement.,I agree with this statement.
Am not sure where my life is going.,I do not agree with this statement.,I agree with this statement.
Am resigned to my fate.,I do not agree with this statement.,I agree with this statement.
Believe in the power of fate.,I do not agree with this statement.,I agree with this statement.
Believe some people are born lucky.,I do not agree with this statement.,I agree with this statement.
Believe that unfortunate events occur because of bad luck.,I do not agree with this statement.,I agree with this statement.
Feel that my life lacks direction.,I do not agree with this statement.,I agree with this statement.
Believe that the world is controlled by a few powerful people.,I do not agree with this statement.,I agree with this statement.
Dislike myself.,I do not agree with this statement.,I agree with this statement.
Feel short-changed in life.,I do not agree with this statement.,I agree with this statement.
Feel that my life lacks direction.,I do not agree with this statement.,I agree with this statement.
Remember my failures more easily than my successes.,I do not agree with this statement.,I agree with this statement.
See difficulties everywhere.,I do not agree with this statement.,I agree with this statement.
Always know why I do things.,I do not agree with this statement.,I agree with this statement.
Believe that by working hard a person can achieve anything.,I do not agree with this statement.,I agree with this statement.
Believe that events in my life are determined only by me.,I do not agree with this statement.,I agree with this statement.
Believe that my success depends on ability rather than luck.,I do not agree with this statement.,I agree with this statement.
Feel comfortable with myself.,I do not agree with this statement.,I agree with this statement.
Just know that I will be a success.,I do not agree with this statement.,I agree with this statement.
Believe that my success depends on ability rather than luck.,I do not agree with this statement.,I agree with this statement.
Looked something up in an encyclopedia.,I do not agree with this statement.,I agree with this statement.
Looked up a word in a dictionary.,I do not agree with this statement.,I agree with this statement.
Read a news magazine.,I do not agree with this statement.,I agree with this statement.
Read poetry.,I do not agree with this statement.,I agree with this statement.
Read the editorial page of a newspaper.,I do not agree with this statement.,I agree with this statement.
Watched an educational channel on TV.,I do not agree with this statement.,I agree with this statement.
Am a true life-long learner.,I do not agree with this statement.,I agree with this statement.
Am thrilled when I learn something new.,I do not agree with this statement.,I agree with this statement.
Consult the library or the Internet immediately if I want to know something.,I do not agree with this statement.,I agree with this statement.
Go out of my way to attend educational events.,I do not agree with this statement.,I agree with this statement.
Look forward to the opportunity to learn and grow.,I do not agree with this statement.,I agree with this statement.
Read a large variety of books.,I do not agree with this statement.,I agree with this statement.
Read all the time.,I do not agree with this statement.,I agree with this statement.
Have read a lot.,I do not agree with this statement.,I agree with this statement.
Like to read.,I do not agree with this statement.,I agree with this statement.
Read quickly.,I do not agree with this statement.,I agree with this statement.
Spend a lot of time reading.,I do not agree with this statement.,I agree with this statement.
Bought a book.,I do not agree with this statement.,I agree with this statement.
Read a book.,I do not agree with this statement.,I agree with this statement.
Read an entire book in one sitting.,I do not agree with this statement.,I agree with this statement.
Read in bed before going to sleep.,I do not agree with this statement.,I agree with this statement.
Visited a public library.,I do not agree with this statement.,I agree with this statement.
Can talk others into doing things.,I do not agree with this statement.,I agree with this statement.
Find it easy to manipulate others.,I do not agree with this statement.,I agree with this statement.
Have a natural talent for influencing people.,I do not agree with this statement.,I agree with this statement.
Cheat to get ahead.,I do not agree with this statement.,I agree with this statement.
Deceive people.,I do not agree with this statement.,I agree with this statement.
Have exploited others for my own gain.,I do not agree with this statement.,I agree with this statement.
Like to trick people into doing things for me.,I do not agree with this statement.,I agree with this statement.
Take advantage of others.,I do not agree with this statement.,I agree with this statement.
Am always prepared.,I do not agree with this statement.,I agree with this statement.
Am exacting in my work.,I do not agree with this statement.,I agree with this statement.
Like order.,I do not agree with this statement.,I agree with this statement.
Pay attention to details.,I do not agree with this statement.,I agree with this statement.
Want everything to be just right.,I do not agree with this statement.,I agree with this statement.
"Believe that, sooner or later, people always let you down.",I do not agree with this statement.,I agree with this statement.
Feel like people often are out to get something from me.,I do not agree with this statement.,I agree with this statement.
Feel that others are out to get me.,I do not agree with this statement.,I agree with this statement.
Suspect hidden motives in others.,I do not agree with this statement.,I agree with this statement.
Am able to control my cravings.,I do not agree with this statement.,I agree with this statement.
Easily resist temptations.,I do not agree with this statement.,I agree with this statement.
Rarely overindulge.,I do not agree with this statement.,I agree with this statement.
Remain calm under pressure.,I do not agree with this statement.,I agree with this statement.
Am just an ordinary person.,I do not agree with this statement.,I agree with this statement.
Consider myself an average person.,I do not agree with this statement.,I agree with this statement.
Don't think that I'm better than other people.,I do not agree with this statement.,I agree with this statement.
See myself as an average person.,I do not agree with this statement.,I agree with this statement.
Dislike being the center of attention.,I do not agree with this statement.,I agree with this statement.
Dislike talking about myself.,I do not agree with this statement.,I agree with this statement.
Seldom toot my own horn.,I do not agree with this statement.,I agree with this statement.
Am humble about the good things that have happened to me.,I do not agree with this statement.,I agree with this statement.
Am proud that I am an ordinary person.,I do not agree with this statement.,I agree with this statement.
Believe that others are drawn to me because I am humble.,I do not agree with this statement.,I agree with this statement.
Don't act is if I'm a special person.,I do not agree with this statement.,I agree with this statement.
Don't brag about my accomplishments.,I do not agree with this statement.,I agree with this statement.
Don't call attention to myself.,I do not agree with this statement.,I agree with this statement.
Would never be described as arrogant.,I do not agree with this statement.,I agree with this statement.
Like harmony in my life.,I do not agree with this statement.,I agree with this statement.
Respect authority.,I do not agree with this statement.,I agree with this statement.
Respect the privacy of others.,I do not agree with this statement.,I agree with this statement.
Try to follow the rules.,I do not agree with this statement.,I agree with this statement.
Would never cheat on my taxes.,I do not agree with this statement.,I agree with this statement.
Stick to the rules.,I do not agree with this statement.,I agree with this statement.
Act according to my conscience.,I do not agree with this statement.,I agree with this statement.
Care about justice.,I do not agree with this statement.,I agree with this statement.
Listen to my conscience.,I do not agree with this statement.,I agree with this statement.
Return extra change when a cashier makes a mistake.,I do not agree with this statement.,I agree with this statement.
Stand behind my actions.,I do not agree with this statement.,I agree with this statement.
Am quick to understand things.,I do not agree with this statement.,I agree with this statement.
Can handle a lot of information.,I do not agree with this statement.,I agree with this statement.
Like to solve complex problems.,I do not agree with this statement.,I agree with this statement.
Love to read challenging material.,I do not agree with this statement.,I agree with this statement.
Love to think up new ways of doing things.,I do not agree with this statement.,I agree with this statement.
Need things explained only once.,I do not agree with this statement.,I agree with this statement.
Continue until everything is perfect.,I do not agree with this statement.,I agree with this statement.
Follow a schedule.,I do not agree with this statement.,I agree with this statement.
Like order.,I do not agree with this statement.,I agree with this statement.
Like to tidy up.,I do not agree with this statement.,I agree with this statement.
Want everything to add up perfectly.,I do not agree with this statement.,I agree with this statement.
Want everything to be just right.,I do not agree with this statement.,I agree with this statement.
Can't help but look upset when something bad happens.,I do not agree with this statement.,I agree with this statement.
Shout or scream when I'm angry.,I do not agree with this statement.,I agree with this statement.
Show my fear.,I do not agree with this statement.,I agree with this statement.
Show my sadness.,I do not agree with this statement.,I agree with this statement.
Suspect that my facial expressions give me away when I feel sad.,I do not agree with this statement.,I agree with this statement.
Change myself to suit others.,I do not agree with this statement.,I agree with this statement.
Conform to others' opinions.,I do not agree with this statement.,I agree with this statement.
Copy others.,I do not agree with this statement.,I agree with this statement.
Demand attention.,I do not agree with this statement.,I agree with this statement.
Interfere in other people's business.,I do not agree with this statement.,I agree with this statement.
Need the approval of others.,I do not agree with this statement.,I agree with this statement.
Talk mainly about myself.,I do not agree with this statement.,I agree with this statement.
Try to impress others.,I do not agree with this statement.,I agree with this statement.
Want to be told I am right.,I do not agree with this statement.,I agree with this statement.
Want to prove myself.,I do not agree with this statement.,I agree with this statement.
Am a person whose moods go up and down easily.,I do not agree with this statement.,I agree with this statement.
Am afraid of many things.,I do not agree with this statement.,I agree with this statement.
Am easily discouraged.,I do not agree with this statement.,I agree with this statement.
Am filled with doubts about things.,I do not agree with this statement.,I agree with this statement.
Become overwhelmed by events.,I do not agree with this statement.,I agree with this statement.
Can be stirred up easily.,I do not agree with this statement.,I agree with this statement.
Change my mood a lot.,I do not agree with this statement.,I agree with this statement.
Feel threatened easily.,I do not agree with this statement.,I agree with this statement.
Get angry easily.,I do not agree with this statement.,I agree with this statement.
Get easily agitated.,I do not agree with this statement.,I agree with this statement.
Get upset easily.,I do not agree with this statement.,I agree with this statement.
Worry about things.,I do not agree with this statement.,I agree with this statement.
Get stressed out easily.,I do not agree with this statement.,I agree with this statement.
Have frequent mood swings.,I do not agree with this statement.,I agree with this statement.
Panic easily.,I do not agree with this statement.,I agree with this statement.
Am often down in the dumps.,I do not agree with this statement.,I agree with this statement.
Dislike myself.,I do not agree with this statement.,I agree with this statement.
Fear for the worst.,I do not agree with this statement.,I agree with this statement.
Often feel blue.,I do not agree with this statement.,I agree with this statement.
Am often in a bad mood.,I do not agree with this statement.,I agree with this statement.
Am easily distracted.,I do not agree with this statement.,I agree with this statement.
Am quick to quit when the going gets tough.,I do not agree with this statement.,I agree with this statement.
Have difficulty keeping my attention on a task.,I do not agree with this statement.,I agree with this statement.
Quickly lose interest in the tasks I start.,I do not agree with this statement.,I agree with this statement.
Quit tasks as soon as I get bored.,I do not agree with this statement.,I agree with this statement.
Act without planning.,I do not agree with this statement.,I agree with this statement.
Do things without thinking of the consequences.,I do not agree with this statement.,I agree with this statement.
Jump into things without thinking.,I do not agree with this statement.,I agree with this statement.
Prefer to 'live in the moment' rather than plan things out.,I do not agree with this statement.,I agree with this statement.
Get in trouble with the law.,I do not agree with this statement.,I agree with this statement.
Got in trouble a lot at school.,I do not agree with this statement.,I agree with this statement.
Have a rebellious side that gets me into trouble.,I do not agree with this statement.,I agree with this statement.
Have always been a rule-breaker.,I do not agree with this statement.,I agree with this statement.
Have done many things for which I could have been (or was) arrested.,I do not agree with this statement.,I agree with this statement.
Go out of my way for others.,I do not agree with this statement.,I agree with this statement.
Have a soft heart.,I do not agree with this statement.,I agree with this statement.
Like to please others.,I do not agree with this statement.,I agree with this statement.
Think of others first.,I do not agree with this statement.,I agree with this statement.
Will do anything for others.,I do not agree with this statement.,I agree with this statement.
Wouldn't harm a fly.,I do not agree with this statement.,I agree with this statement.
Check on things more often than necessary.,I do not agree with this statement.,I agree with this statement.
Feel that I have to repeat certain numbers.,I do not agree with this statement.,I agree with this statement.
Feel that there are good and bad numbers.,I do not agree with this statement.,I agree with this statement.
Find it difficult to touch an object that has been touched by other,I do not agree with this statement.,I agree with this statement.
Get upset by unpleasant thoughts that come into my mind.,I do not agree with this statement.,I agree with this statement.
Get upset if objects are not arranged properly.,I do not agree with this statement.,I agree with this statement.
Get upset if others change the way that I have arranged things.,I do not agree with this statement.,I agree with this statement.
Have difficulty getting rid of nasty thoughts.,I do not agree with this statement.,I agree with this statement.
Need things to be arranged in a particular order.,I do not agree with this statement.,I agree with this statement.
"Repeatedly check doors, windows, and drawers.",I do not agree with this statement.,I agree with this statement.
Sometimes have to clean myself simply because I feel contaminated.,I do not agree with this statement.,I agree with this statement.
Wash my hands more often than is necessary.,I do not agree with this statement.,I agree with this statement.
Believe in the importance of art.,I do not agree with this statement.,I agree with this statement.
Can say things beautifully.,I do not agree with this statement.,I agree with this statement.
Carry the conversation to a higher level.,I do not agree with this statement.,I agree with this statement.
Enjoy hearing new ideas.,I do not agree with this statement.,I agree with this statement.
Enjoy thinking about things.,I do not agree with this statement.,I agree with this statement.
Enjoy wild flights of fantasy.,I do not agree with this statement.,I agree with this statement.
Get excited by new ideas.,I do not agree with this statement.,I agree with this statement.
Have a rich vocabulary.,I do not agree with this statement.,I agree with this statement.
Have a vivid imagination.,I do not agree with this statement.,I agree with this statement.
Tend to vote for liberal political candidates.,I do not agree with this statement.,I agree with this statement.
Am exacting in my work.,I do not agree with this statement.,I agree with this statement.
Continue until everything is perfect.,I do not agree with this statement.,I agree with this statement.
Get chores done right away.,I do not agree with this statement.,I agree with this statement.
Like order.,I do not agree with this statement.,I agree with this statement.
Do unpleasant tasks immediately.,I do not agree with this statement.,I agree with this statement.
Have an eye for detail.,I do not agree with this statement.,I agree with this statement.
Like to tidy up.,I do not agree with this statement.,I agree with this statement.
Often forget to put things back in their proper place.,I do not agree with this statement.,I agree with this statement.
Do things by the book.,I do not agree with this statement.,I agree with this statement.
Follow a schedule.,I do not agree with this statement.,I agree with this statement.
See that rules are observed.,I do not agree with this statement.,I agree with this statement.
Take good care of my belongings.,I do not agree with this statement.,I agree with this statement.
Work according to a routine.,I do not agree with this statement.,I agree with this statement.
Keep things tidy.,I do not agree with this statement.,I agree with this statement.
Want every detail taken care of.,I do not agree with this statement.,I agree with this statement.
Do things according to a plan.,I do not agree with this statement.,I agree with this statement.
Love order and regularity.,I do not agree with this statement.,I agree with this statement.
Want everything to be just right.,I do not agree with this statement.,I agree with this statement.
Complete tasks successfully.,I do not agree with this statement.,I agree with this statement.
Demand quality.,I do not agree with this statement.,I agree with this statement.
Detect mistakes.,I do not agree with this statement.,I agree with this statement.
Follow through on my commitments.,I do not agree with this statement.,I agree with this statement.
Have an eye for detail.,I do not agree with this statement.,I agree with this statement.
Make well-considered decisions.,I do not agree with this statement.,I agree with this statement.
Pay attention to details.,I do not agree with this statement.,I agree with this statement.
Set high standards for myself and others.,I do not agree with this statement.,I agree with this statement.
Think ahead.,I do not agree with this statement.,I agree with this statement.
Get chores done right away.,I do not agree with this statement.,I agree with this statement.
Keep things tidy.,I do not agree with this statement.,I agree with this statement.
Like order.,I do not agree with this statement.,I agree with this statement.
Like to tidy up.,I do not agree with this statement.,I agree with this statement.
Want everything to be just right.,I do not agree with this statement.,I agree with this statement.
Continue until everything is perfect.,I do not agree with this statement.,I agree with this statement.
Love order and regularity.,I do not agree with this statement.,I agree with this statement.
Follow a schedule.,I do not agree with this statement.,I agree with this statement.
Make plans and stick to them.,I do not agree with this statement.,I agree with this statement.
Be a purchasing agent,I do not agree with this statement.,I agree with this statement.
Be an office manager,I do not agree with this statement.,I agree with this statement.
Be the financial officer for a company,I do not agree with this statement.,I agree with this statement.
Develop an office filing system,I do not agree with this statement.,I agree with this statement.
Establish time schedules,I do not agree with this statement.,I agree with this statement.
Keep detailed records,I do not agree with this statement.,I agree with this statement.
Keep track of a company’s inventory,I do not agree with this statement.,I agree with this statement.
Manage a computer data base,I do not agree with this statement.,I agree with this statement.
Monitor business expenses,I do not agree with this statement.,I agree with this statement.
Plan budgets,I do not agree with this statement.,I agree with this statement.
Plan investment strategies,I do not agree with this statement.,I agree with this statement.
Prepare financial contracts,I do not agree with this statement.,I agree with this statement.
Supervise the work of others,I do not agree with this statement.,I agree with this statement.
Am usually a patient person.,I do not agree with this statement.,I agree with this statement.
Find that it takes a lot to make me feel angry at someone.,I do not agree with this statement.,I agree with this statement.
Rarely feel angry with people.,I do not agree with this statement.,I agree with this statement.
Rarely get irritated.,I do not agree with this statement.,I agree with this statement.
Seldom get mad.,I do not agree with this statement.,I agree with this statement.
Am a strange person.,I do not agree with this statement.,I agree with this statement.
Am considered to be kind of eccentric.,I do not agree with this statement.,I agree with this statement.
Am odd.,I do not agree with this statement.,I agree with this statement.
Have been told that my behavior often is bizarre.,I do not agree with this statement.,I agree with this statement.
Continue until everything is perfect.,I do not agree with this statement.,I agree with this statement.
Demand perfection in others.,I do not agree with this statement.,I agree with this statement.
Expect dedicated work from others.,I do not agree with this statement.,I agree with this statement.
Keep a sharp eye on others' work.,I do not agree with this statement.,I agree with this statement.
Want every detail taken care of.,I do not agree with this statement.,I agree with this statement.
Want everything to be just right.,I do not agree with this statement.,I agree with this statement.
Want things to proceed according to plan.,I do not agree with this statement.,I agree with this statement.
Am not happy until all the details are taken care of.,I do not agree with this statement.,I agree with this statement.
Don't consider a task finished until it's perfect.,I do not agree with this statement.,I agree with this statement.
Expect nothing less than perfection.,I do not agree with this statement.,I agree with this statement.
Set high standards for myself and others.,I do not agree with this statement.,I agree with this statement.
Strive in every way possible to be flawless.,I do not agree with this statement.,I agree with this statement.
Am afraid that I will do the wrong thing.,I do not agree with this statement.,I agree with this statement.
Am filled with doubts about things.,I do not agree with this statement.,I agree with this statement.
Dislike myself.,I do not agree with this statement.,I agree with this statement.
Excel in nothing at all.,I do not agree with this statement.,I agree with this statement.
Mess things up.,I do not agree with this statement.,I agree with this statement.
Question my ability to do my work properly.,I do not agree with this statement.,I agree with this statement.
Demand quality.,I do not agree with this statement.,I agree with this statement.
Detect mistakes.,I do not agree with this statement.,I agree with this statement.
Dislike imperfect work.,I do not agree with this statement.,I agree with this statement.
Have an eye for detail.,I do not agree with this statement.,I agree with this statement.
Pay attention to details.,I do not agree with this statement.,I agree with this statement.
Want everything to add up perfectly.,I do not agree with this statement.,I agree with this statement.
Am considered attractive by others.,I do not agree with this statement.,I agree with this statement.
Attract attention from the opposite sex.,I do not agree with this statement.,I agree with this statement.
Have a pleasing physique.,I do not agree with this statement.,I agree with this statement.
Like to look at my body.,I do not agree with this statement.,I agree with this statement.
Like to look at myself in the mirror.,I do not agree with this statement.,I agree with this statement.
Like to show off my body.,I do not agree with this statement.,I agree with this statement.
Choose my words with care.,I do not agree with this statement.,I agree with this statement.
Follow through on my commitments.,I do not agree with this statement.,I agree with this statement.
Follow through with my plans.,I do not agree with this statement.,I agree with this statement.
Look at the facts.,I do not agree with this statement.,I agree with this statement.
Stick to my chosen path.,I do not agree with this statement.,I agree with this statement.
Am exacting in my work.,I do not agree with this statement.,I agree with this statement.
Do things by the book.,I do not agree with this statement.,I agree with this statement.
Like to plan ahead.,I do not agree with this statement.,I agree with this statement.
Make plans and stick to them.,I do not agree with this statement.,I agree with this statement.
Pay attention to details.,I do not agree with this statement.,I agree with this statement.
Am easy to satisfy.,I do not agree with this statement.,I agree with this statement.
Am on good terms with nearly everyone.,I do not agree with this statement.,I agree with this statement.
Have a good word for everyone.,I do not agree with this statement.,I agree with this statement.
Respect others.,I do not agree with this statement.,I agree with this statement.
Trust others.,I do not agree with this statement.,I agree with this statement.
Trust what people say.,I do not agree with this statement.,I agree with this statement.
Take things as they come.,I do not agree with this statement.,I agree with this statement.
Am comfortable in unfamiliar situations.,I do not agree with this statement.,I agree with this statement.
Am not embarrassed easily.,I do not agree with this statement.,I agree with this statement.
Feel comfortable around people.,I do not agree with this statement.,I agree with this statement.
Have a lot of fun.,I do not agree with this statement.,I agree with this statement.
Love life.,I do not agree with this statement.,I agree with this statement.
Handle tasks smoothly.,I do not agree with this statement.,I agree with this statement.
Need things explained only once.,I do not agree with this statement.,I agree with this statement.
Pay attention to details.,I do not agree with this statement.,I agree with this statement.
Remain calm under pressure.,I do not agree with this statement.,I agree with this statement.
Do a lot in my spare time.,I do not agree with this statement.,I agree with this statement.
Respect the opinions of others.,I do not agree with this statement.,I agree with this statement.
Express my affection physically.,I do not agree with this statement.,I agree with this statement.
Express my happiness in a childlike manner.,I do not agree with this statement.,I agree with this statement.
Hug my close friends.,I do not agree with this statement.,I agree with this statement.
Laugh out loud if something is funny.,I do not agree with this statement.,I agree with this statement.
Show my feelings when I'm happy.,I do not agree with this statement.,I agree with this statement.
Sometimes laugh out loud when reading or watching TV.,I do not agree with this statement.,I agree with this statement.
Avoid imposing my will on others.,I do not agree with this statement.,I agree with this statement.
Hate to seem pushy.,I do not agree with this statement.,I agree with this statement.
Rarely put people under pressure.,I do not agree with this statement.,I agree with this statement.
Respect authority.,I do not agree with this statement.,I agree with this statement.
Can work under pressure.,I do not agree with this statement.,I agree with this statement.
Do things in a logical order.,I do not agree with this statement.,I agree with this statement.
Enjoy games of strategy.,I do not agree with this statement.,I agree with this statement.
Have an eye for detail.,I do not agree with this statement.,I agree with this statement.
Like to solve complex problems.,I do not agree with this statement.,I agree with this statement.
Tend to analyze things.,I do not agree with this statement.,I agree with this statement.
Want to know the reasons why.,I do not agree with this statement.,I agree with this statement.
Want to see things for myself.,I do not agree with this statement.,I agree with this statement.
Am not afraid of providing criticism.,I do not agree with this statement.,I agree with this statement.
Boast about my virtues.,I do not agree with this statement.,I agree with this statement.
Can take strong measures.,I do not agree with this statement.,I agree with this statement.
Dare to say anything.,I do not agree with this statement.,I agree with this statement.
Don't mind being the center of attention.,I do not agree with this statement.,I agree with this statement.
Know how to get around the rules.,I do not agree with this statement.,I agree with this statement.
Know no limits.,I do not agree with this statement.,I agree with this statement.
Make demands on others.,I do not agree with this statement.,I agree with this statement.
Avoid mistakes.,I do not agree with this statement.,I agree with this statement.
Do things according to a plan.,I do not agree with this statement.,I agree with this statement.
Make plans and stick to them.,I do not agree with this statement.,I agree with this statement.
Avoid activities that are physically dangerous.,I do not agree with this statement.,I agree with this statement.
Believe it is always better to be safe than sorry.,I do not agree with this statement.,I agree with this statement.
Cannot imagine lying or cheating.,I do not agree with this statement.,I agree with this statement.
Follow the rules.,I do not agree with this statement.,I agree with this statement.
Have never deliberately hurt anyone.,I do not agree with this statement.,I agree with this statement.
Keep straight right from wrong.,I do not agree with this statement.,I agree with this statement.
Make careful choices.,I do not agree with this statement.,I agree with this statement.
Think before I speak.,I do not agree with this statement.,I agree with this statement.
Am easily intimidated.,I do not agree with this statement.,I agree with this statement.
Feel threatened easily.,I do not agree with this statement.,I agree with this statement.
Need reassurance.,I do not agree with this statement.,I agree with this statement.
Need the approval of others.,I do not agree with this statement.,I agree with this statement.
Want to amount to something special in others' eyes.,I do not agree with this statement.,I agree with this statement.
Worry about what people think of me.,I do not agree with this statement.,I agree with this statement.
Am always prepared.,I do not agree with this statement.,I agree with this statement.
Am not easily distracted.,I do not agree with this statement.,I agree with this statement.
Carry out my plans.,I do not agree with this statement.,I agree with this statement.
Get to work at once.,I do not agree with this statement.,I agree with this statement.
Handle tasks smoothly.,I do not agree with this statement.,I agree with this statement.
Am able to find out things by myself.,I do not agree with this statement.,I agree with this statement.
Am quick to understand things.,I do not agree with this statement.,I agree with this statement.
Can handle a lot of information.,I do not agree with this statement.,I agree with this statement.
Can handle complex problems.,I do not agree with this statement.,I agree with this statement.
Catch on to things quickly.,I do not agree with this statement.,I agree with this statement.
Love to read challenging material.,I do not agree with this statement.,I agree with this statement.
Quickly get the idea of things.,I do not agree with this statement.,I agree with this statement.
Have a rich vocabulary.,I do not agree with this statement.,I agree with this statement.
Like to read.,I do not agree with this statement.,I agree with this statement.
Quick to understand things.,I do not agree with this statement.,I agree with this statement.
Read quickly.,I do not agree with this statement.,I agree with this statement.
Believe in a logical answer for everything.,I do not agree with this statement.,I agree with this statement.
Believe in an eye for an eye.,I do not agree with this statement.,I agree with this statement.
Come straight to the point.,I do not agree with this statement.,I agree with this statement.
Dislike imperfect work.,I do not agree with this statement.,I agree with this statement.
Do things in a logical order.,I do not agree with this statement.,I agree with this statement.
Get a head start on others.,I do not agree with this statement.,I agree with this statement.
Have no sympathy for criminals.,I do not agree with this statement.,I agree with this statement.
Reason logically.,I do not agree with this statement.,I agree with this statement.
Break rules.,I do not agree with this statement.,I agree with this statement.
Cheat to get ahead.,I do not agree with this statement.,I agree with this statement.
Enjoy crude jokes.,I do not agree with this statement.,I agree with this statement.
Know how to get around the rules.,I do not agree with this statement.,I agree with this statement.
Resist authority.,I do not agree with this statement.,I agree with this statement.
Use swear words.,I do not agree with this statement.,I agree with this statement.
Jump into things without thinking.,I do not agree with this statement.,I agree with this statement.
Like to act on a whim.,I do not agree with this statement.,I agree with this statement.
Make rash decisions.,I do not agree with this statement.,I agree with this statement.
Rush into things.,I do not agree with this statement.,I agree with this statement.
Dislike being complimented.,I do not agree with this statement.,I agree with this statement.
Enjoy spending time by myself.,I do not agree with this statement.,I agree with this statement.
Go my own way.,I do not agree with this statement.,I agree with this statement.
Like to be alone.,I do not agree with this statement.,I agree with this statement.
Live in a world of my own.,I do not agree with this statement.,I agree with this statement.
Prefer to do things by myself.,I do not agree with this statement.,I agree with this statement.
Ate dinner alone.,I do not agree with this statement.,I agree with this statement.
Chose to spend a day by myself.,I do not agree with this statement.,I agree with this statement.
Spent an entire vacation by myself.,I do not agree with this statement.,I agree with this statement.
Went on a trip by myself.,I do not agree with this statement.,I agree with this statement.
Went to a concert or theater alone.,I do not agree with this statement.,I agree with this statement.
Went to the movies alone.,I do not agree with this statement.,I agree with this statement.
Enjoy discussing movies and books with others.,I do not agree with this statement.,I agree with this statement.
Enjoy the beauty of nature.,I do not agree with this statement.,I agree with this statement.
Like music.,I do not agree with this statement.,I agree with this statement.
Love beautiful things.,I do not agree with this statement.,I agree with this statement.
Love flowers.,I do not agree with this statement.,I agree with this statement.
Make beautiful things.,I do not agree with this statement.,I agree with this statement.
See beauty in things that others might not notice.,I do not agree with this statement.,I agree with this statement.
Take time to reflect on things.,I do not agree with this statement.,I agree with this statement.
Am always worried that my partner is going to leave me.,I do not agree with this statement.,I agree with this statement.
Am paralyzed by a fear of rejection.,I do not agree with this statement.,I agree with this statement.
Am usually convinced that my friends and romantic partners will betray me.,I do not agree with this statement.,I agree with this statement.
Get jealous easily.,I do not agree with this statement.,I agree with this statement.
Usually believe that my friends will abandon me.,I do not agree with this statement.,I agree with this statement.
Am hard to get to know.,I do not agree with this statement.,I agree with this statement.
Bottle up my feelings.,I do not agree with this statement.,I agree with this statement.
Don't talk a lot.,I do not agree with this statement.,I agree with this statement.
Keep my thoughts to myself.,I do not agree with this statement.,I agree with this statement.
Reveal little about myself.,I do not agree with this statement.,I agree with this statement.
Am good at many things.,I do not agree with this statement.,I agree with this statement.
Can handle a lot of information.,I do not agree with this statement.,I agree with this statement.
Can manage many things at the same time.,I do not agree with this statement.,I agree with this statement.
Can perform a wide variety of tasks.,I do not agree with this statement.,I agree with this statement.
Can tackle anything.,I do not agree with this statement.,I agree with this statement.
Can work under pressure.,I do not agree with this statement.,I agree with this statement.
Like to solve complex problems.,I do not agree with this statement.,I agree with this statement.
Need things explained only once.,I do not agree with this statement.,I agree with this statement.
Can handle complex problems.,I do not agree with this statement.,I agree with this statement.
Complete tasks successfully.,I do not agree with this statement.,I agree with this statement.
Face problems directly.,I do not agree with this statement.,I agree with this statement.
Formulate ideas clearly.,I do not agree with this statement.,I agree with this statement.
Act according to my conscience.,I do not agree with this statement.,I agree with this statement.
Am able to cooperate with others.,I do not agree with this statement.,I agree with this statement.
Am polite to strangers.,I do not agree with this statement.,I agree with this statement.
Anticipate the needs of others.,I do not agree with this statement.,I agree with this statement.
Appreciate people who wait on me.,I do not agree with this statement.,I agree with this statement.
Like to be of service to others.,I do not agree with this statement.,I agree with this statement.
Return extra change when a cashier makes a mistake.,I do not agree with this statement.,I agree with this statement.
Take others' interests into account.,I do not agree with this statement.,I agree with this statement.
Try to forgive and forget.,I do not agree with this statement.,I agree with this statement.
Stay in touch with old acquaintances.,I do not agree with this statement.,I agree with this statement.
Think of others first.,I do not agree with this statement.,I agree with this statement.
Would never cheat on my taxes.,I do not agree with this statement.,I agree with this statement.
Would never take things that aren't mine.,I do not agree with this statement.,I agree with this statement.
Am deeply moved by others' misfortunes.,I do not agree with this statement.,I agree with this statement.
Am easily moved to tears.,I do not agree with this statement.,I agree with this statement.
Am upset by the misfortunes of strangers.,I do not agree with this statement.,I agree with this statement.
Suffer from others' sorrows.,I do not agree with this statement.,I agree with this statement.
Would be upset if I saw an injured animal.,I do not agree with this statement.,I agree with this statement.
Am strongly influenced by the good moods of others.,I do not agree with this statement.,I agree with this statement.
Feel other people's joy.,I do not agree with this statement.,I agree with this statement.
Find it hard to stay in a bad mood if the people around me are happy.,I do not agree with this statement.,I agree with this statement.
Get caught up in the excitement when others are celebrating.,I do not agree with this statement.,I agree with this statement.
Like to watch children open presents.,I do not agree with this statement.,I agree with this statement.
Usually end up laughing if the people around me are laughing.,I do not agree with this statement.,I agree with this statement.
Am convinced that my way is the best way.,I do not agree with this statement.,I agree with this statement.
Am inflexible when I think I'm right.,I do not agree with this statement.,I agree with this statement.
Am often accused of being narrow-minded.,I do not agree with this statement.,I agree with this statement.
Believe strongly that the world would be a much better place if I had my way.,I do not agree with this statement.,I agree with this statement.
Believe that most questions have one right answer.,I do not agree with this statement.,I agree with this statement.
Do not like reading or hearing opinions that go against my way of thinking.,I do not agree with this statement.,I agree with this statement.
Find it difficult to compromise in policy debates.,I do not agree with this statement.,I agree with this statement.
Find it difficult to consider as valid opinions that differ from my own.,I do not agree with this statement.,I agree with this statement.
Have been told that I am rigid and inflexible.,I do not agree with this statement.,I agree with this statement.
Have fixed opinions.,I do not agree with this statement.,I agree with this statement.
Avoid dangerous situations.,I do not agree with this statement.,I agree with this statement.
Would never go hang gliding or bungee jumping.,I do not agree with this statement.,I agree with this statement.
Would never make a high-risk investment.,I do not agree with this statement.,I agree with this statement.
Am willing to try anything once.,I do not agree with this statement.,I agree with this statement.
Do crazy things.,I do not agree with this statement.,I agree with this statement.
Enjoy being reckless.,I do not agree with this statement.,I agree with this statement.
Have persuaded others to do something really adventurous or crazy.,I do not agree with this statement.,I agree with this statement.
Like to act on a whim.,I do not agree with this statement.,I agree with this statement.
Like to behave spontaneously.,I do not agree with this statement.,I agree with this statement.
Prefer friends who are excitingly unpredictable.,I do not agree with this statement.,I agree with this statement.
Get a thrill out of doing things that might kill me.,I do not agree with this statement.,I agree with this statement.
Like to do frightening things.,I do not agree with this statement.,I agree with this statement.
Love dangerous situations.,I do not agree with this statement.,I agree with this statement.
Would do anything to get an adrenaline rush.,I do not agree with this statement.,I agree with this statement.
Act wild and crazy.,I do not agree with this statement.,I agree with this statement.
Am easily talked into doing silly things.,I do not agree with this statement.,I agree with this statement.
Am open to new experiences.,I do not agree with this statement.,I agree with this statement.
"Am unpredictable, people never know what I am going to say.",I do not agree with this statement.,I agree with this statement.
Am willing to take risks.,I do not agree with this statement.,I agree with this statement.
Do unexpected things.,I do not agree with this statement.,I agree with this statement.
Enjoy wild flights of fantasy.,I do not agree with this statement.,I agree with this statement.
Face danger confidently.,I do not agree with this statement.,I agree with this statement.
Might actually enjoy being caught in an earthquake or tornado.,I do not agree with this statement.,I agree with this statement.
Might enjoy a free fall from an airplane.,I do not agree with this statement.,I agree with this statement.
Might enjoy the thrill of being lost at sea.,I do not agree with this statement.,I agree with this statement.
Prefer fear to boredom.,I do not agree with this statement.,I agree with this statement.
Seek adventure.,I do not agree with this statement.,I agree with this statement.
Take risks.,I do not agree with this statement.,I agree with this statement.
Would be good at rescuing people from a burning building.,I do not agree with this statement.,I agree with this statement.
Would enjoy being out on a sailboat during a storm.,I do not agree with this statement.,I agree with this statement.
Would like to try bungee jumping.,I do not agree with this statement.,I agree with this statement.
Would love to explore strange places.,I do not agree with this statement.,I agree with this statement.
Do dangerous things.,I do not agree with this statement.,I agree with this statement.
Love excitement.,I do not agree with this statement.,I agree with this statement.
Willing to try anything once.,I do not agree with this statement.,I agree with this statement.
Know how to get around the rules.,I do not agree with this statement.,I agree with this statement.
Seek danger.,I do not agree with this statement.,I agree with this statement.
Could easily live without having sex.,I do not agree with this statement.,I agree with this statement.
Don't think much about sex.,I do not agree with this statement.,I agree with this statement.
Have little desire for sex or romance.,I do not agree with this statement.,I agree with this statement.
See little need for romance in my life.,I do not agree with this statement.,I agree with this statement.
Am inexplicably happy some of the time.,I do not agree with this statement.,I agree with this statement.
Am passionate about anything I'm involved in.,I do not agree with this statement.,I agree with this statement.
Am passionate about causes.,I do not agree with this statement.,I agree with this statement.
Enjoy examining myself and my life.,I do not agree with this statement.,I agree with this statement.
Express childlike joy.,I do not agree with this statement.,I agree with this statement.
Love flowers.,I do not agree with this statement.,I agree with this statement.
See beauty in things that others might not notice.,I do not agree with this statement.,I agree with this statement.
Have a mouth that gets me into trouble.,I do not agree with this statement.,I agree with this statement.
Have a reputation for asking inappropriate questions.,I do not agree with this statement.,I agree with this statement.
I am known for saying offensive things.,I do not agree with this statement.,I agree with this statement.
Insult people.,I do not agree with this statement.,I agree with this statement.
Ridicule people.,I do not agree with this statement.,I agree with this statement.
Say inappropriate things.,I do not agree with this statement.,I agree with this statement.
Shoot my mouth off.,I do not agree with this statement.,I agree with this statement.
Am preoccupied with myself.,I do not agree with this statement.,I agree with this statement.
Dwell on the past.,I do not agree with this statement.,I agree with this statement.
Feel crushed by setbacks.,I do not agree with this statement.,I agree with this statement.
Often express doubts.,I do not agree with this statement.,I agree with this statement.
Spend time thinking about past mistakes.,I do not agree with this statement.,I agree with this statement.
Withhold information from others.,I do not agree with this statement.,I agree with this statement.
Know how to enjoy myself.,I do not agree with this statement.,I agree with this statement.
Be a chemist,I do not agree with this statement.,I agree with this statement.
Be a mathematician,I do not agree with this statement.,I agree with this statement.
Be a physicist,I do not agree with this statement.,I agree with this statement.
Be a scientific reporter,I do not agree with this statement.,I agree with this statement.
Be a statistician,I do not agree with this statement.,I agree with this statement.
Carry out medical research,I do not agree with this statement.,I agree with this statement.
Design a laboratory experiment,I do not agree with this statement.,I agree with this statement.
Develop a computer program,I do not agree with this statement.,I agree with this statement.
Explain scientific concepts to others,I do not agree with this statement.,I agree with this statement.
Solve complex puzzles,I do not agree with this statement.,I agree with this statement.
Carry out my plans.,I do not agree with this statement.,I agree with this statement.
Complete tasks successfully.,I do not agree with this statement.,I agree with this statement.
Feel comfortable with myself.,I do not agree with this statement.,I agree with this statement.
Seldom feel blue.,I do not agree with this statement.,I agree with this statement.
Think highly of myself.,I do not agree with this statement.,I agree with this statement.
Rarely overindulge.,I do not agree with this statement.,I agree with this statement.
Enjoy my work.,I do not agree with this statement.,I agree with this statement.
Feel comfortable with myself.,I do not agree with this statement.,I agree with this statement.
Feel lucky most of the time.,I do not agree with this statement.,I agree with this statement.
Respect the opinions of others.,I do not agree with this statement.,I agree with this statement.
Take things as they come.,I do not agree with this statement.,I agree with this statement.
Am sure of my ground.,I do not agree with this statement.,I agree with this statement.
Know immediately what to do.,I do not agree with this statement.,I agree with this statement.
Think highly of myself.,I do not agree with this statement.,I agree with this statement.
Am afraid that I will do the wrong thing.,I do not agree with this statement.,I agree with this statement.
Am afraid to draw attention to myself.,I do not agree with this statement.,I agree with this statement.
Am easily intimidated.,I do not agree with this statement.,I agree with this statement.
Find it difficult to approach others.,I do not agree with this statement.,I agree with this statement.
Only feel comfortable with friends.,I do not agree with this statement.,I agree with this statement.
Stumble over my words.,I do not agree with this statement.,I agree with this statement.
Am not easily affected by my emotions.,I do not agree with this statement.,I agree with this statement.
Experience very few emotional highs and lows.,I do not agree with this statement.,I agree with this statement.
Never spend more than I can afford.,I do not agree with this statement.,I agree with this statement.
Am a highly disciplined person.,I do not agree with this statement.,I agree with this statement.
Can always say enough is enough.,I do not agree with this statement.,I agree with this statement.
Can stay on a diet.,I do not agree with this statement.,I agree with this statement.
Forego things that are bad for me in the long run even if they make me feel good in the short run.,I do not agree with this statement.,I agree with this statement.
Have no trouble eating healthy foods.,I do not agree with this statement.,I agree with this statement.
Always know why I do things.,I do not agree with this statement.,I agree with this statement.
Feel comfortable with myself.,I do not agree with this statement.,I agree with this statement.
Just know that I will be a success.,I do not agree with this statement.,I agree with this statement.
Know that my decisions are correct.,I do not agree with this statement.,I agree with this statement.
Like to take responsibility for making decisions.,I do not agree with this statement.,I agree with this statement.
Am exacting in my work.,I do not agree with this statement.,I agree with this statement.
Get chores done right away.,I do not agree with this statement.,I agree with this statement.
Get to work at once.,I do not agree with this statement.,I agree with this statement.
Go straight for the goal.,I do not agree with this statement.,I agree with this statement.
Like to organize things.,I do not agree with this statement.,I agree with this statement.
Am always prepared.,I do not agree with this statement.,I agree with this statement.
Do unpleasant tasks immediately.,I do not agree with this statement.,I agree with this statement.
Carry out my plans.,I do not agree with this statement.,I agree with this statement.
Start tasks right away.,I do not agree with this statement.,I agree with this statement.
Act wild and crazy.,I do not agree with this statement.,I agree with this statement.
Am open about myself to others.,I do not agree with this statement.,I agree with this statement.
Disclose my intimate thoughts.,I do not agree with this statement.,I agree with this statement.
Express childlike joy.,I do not agree with this statement.,I agree with this statement.
Joke around a lot.,I do not agree with this statement.,I agree with this statement.
Laugh my way through life.,I do not agree with this statement.,I agree with this statement.
Let myself go.,I do not agree with this statement.,I agree with this statement.
Like to amuse others.,I do not agree with this statement.,I agree with this statement.
Am open about my feelings.,I do not agree with this statement.,I agree with this statement.
Show my feelings.,I do not agree with this statement.,I agree with this statement.
Talk about my worries.,I do not agree with this statement.,I agree with this statement.
Am quick to understand things.,I do not agree with this statement.,I agree with this statement.
Can handle complex problems.,I do not agree with this statement.,I agree with this statement.
Formulate ideas clearly.,I do not agree with this statement.,I agree with this statement.
Have excellent ideas.,I do not agree with this statement.,I agree with this statement.
Think quickly.,I do not agree with this statement.,I agree with this statement.
Am sure of my ground.,I do not agree with this statement.,I agree with this statement.
Come up with good solutions.,I do not agree with this statement.,I agree with this statement.
Complete tasks successfully.,I do not agree with this statement.,I agree with this statement.
Excel in what I do.,I do not agree with this statement.,I agree with this statement.
Handle tasks smoothly.,I do not agree with this statement.,I agree with this statement.
Know how to get things done.,I do not agree with this statement.,I agree with this statement.
Am afraid of many things.,I do not agree with this statement.,I agree with this statement.
Am often down in the dumps.,I do not agree with this statement.,I agree with this statement.
Become overwhelmed by events.,I do not agree with this statement.,I agree with this statement.
Feel that I'm unable to deal with things.,I do not agree with this statement.,I agree with this statement.
Need reassurance.,I do not agree with this statement.,I agree with this statement.
Feel comfortable with myself.,I do not agree with this statement.,I agree with this statement.
Just know that I will be a success.,I do not agree with this statement.,I agree with this statement.
Know my strengths.,I do not agree with this statement.,I agree with this statement.
Like to take responsibility for making decisions.,I do not agree with this statement.,I agree with this statement.
Seldom feel blue.,I do not agree with this statement.,I agree with this statement.
Feel that cutting myself helps me feel better.,I do not agree with this statement.,I agree with this statement.
Frequently have thoughts about killing myself.,I do not agree with this statement.,I agree with this statement.
Have thoughts of injuring myself.,I do not agree with this statement.,I agree with this statement.
Have urges to cut myself.,I do not agree with this statement.,I agree with this statement.
Have written a suicide note.,I do not agree with this statement.,I agree with this statement.
I have intentionally done myself physical harm.,I do not agree with this statement.,I agree with this statement.
I have no will to live.,I do not agree with this statement.,I agree with this statement.
Am good at making impromptu speeches.,I do not agree with this statement.,I agree with this statement.
Am likely to show off if I get the chance.,I do not agree with this statement.,I agree with this statement.
Am the life of the party.,I do not agree with this statement.,I agree with this statement.
Like to attract attention.,I do not agree with this statement.,I agree with this statement.
Put on a show to impress people.,I do not agree with this statement.,I agree with this statement.
Use flattery to get ahead.,I do not agree with this statement.,I agree with this statement.
Would make a good actor.,I do not agree with this statement.,I agree with this statement.
Act without consulting others.,I do not agree with this statement.,I agree with this statement.
Believe that events in my life are determined only by me.,I do not agree with this statement.,I agree with this statement.
Do things men traditionally do.,I do not agree with this statement.,I agree with this statement.
Do things my own way.,I do not agree with this statement.,I agree with this statement.
Make decisions quickly.,I do not agree with this statement.,I agree with this statement.
Cry during movies.,I do not agree with this statement.,I agree with this statement.
Don't like action movies.,I do not agree with this statement.,I agree with this statement.
Enjoy discussing movies and books with others.,I do not agree with this statement.,I agree with this statement.
Like to read.,I do not agree with this statement.,I agree with this statement.
Love flowers.,I do not agree with this statement.,I agree with this statement.
Read a lot.,I do not agree with this statement.,I agree with this statement.
Am deeply moved by others' misfortunes.,I do not agree with this statement.,I agree with this statement.
Show my gratitude.,I do not agree with this statement.,I agree with this statement.
Value cooperation over competition.,I do not agree with this statement.,I agree with this statement.
Cry during movies.,I do not agree with this statement.,I agree with this statement.
Cry easily.,I do not agree with this statement.,I agree with this statement.
Dislike competing with others.,I do not agree with this statement.,I agree with this statement.
Don't like action movies.,I do not agree with this statement.,I agree with this statement.
Love flowers.,I do not agree with this statement.,I agree with this statement.
Remember my friends' birthdays.,I do not agree with this statement.,I agree with this statement.
Suffer from others' sorrows.,I do not agree with this statement.,I agree with this statement.
Sympathize with others' feelings.,I do not agree with this statement.,I agree with this statement.
Am deeply moved by others' misfortunes.,I do not agree with this statement.,I agree with this statement.
Am sensitive to the needs of others.,I do not agree with this statement.,I agree with this statement.
Feel others' emotions.,I do not agree with this statement.,I agree with this statement.
Immediately feel sad when hearing of an unhappy event.,I do not agree with this statement.,I agree with this statement.
Am easily moved to tears.,I do not agree with this statement.,I agree with this statement.
Have a soft heart.,I do not agree with this statement.,I agree with this statement.
Don't pretend to be more than I am.,I do not agree with this statement.,I agree with this statement.
Can't do without the company of others.,I do not agree with this statement.,I agree with this statement.
Enjoy being on the go.,I do not agree with this statement.,I agree with this statement.
Enjoy being part of a loud crowd.,I do not agree with this statement.,I agree with this statement.
Act comfortably with others.,I do not agree with this statement.,I agree with this statement.
Am skilled in handling social situations.,I do not agree with this statement.,I agree with this statement.
Feel comfortable around people.,I do not agree with this statement.,I agree with this statement.
Start conversations.,I do not agree with this statement.,I agree with this statement.
Talk to a lot of different people at parties.,I do not agree with this statement.,I agree with this statement.
Enjoy being part of a group.,I do not agree with this statement.,I agree with this statement.
Love to chat.,I do not agree with this statement.,I agree with this statement.
Make friends easily.,I do not agree with this statement.,I agree with this statement.
Usually like to spend my free time with people.,I do not agree with this statement.,I agree with this statement.
Amuse my friends.,I do not agree with this statement.,I agree with this statement.
Like to amuse others.,I do not agree with this statement.,I agree with this statement.
Like to attract attention.,I do not agree with this statement.,I agree with this statement.
Love action.,I do not agree with this statement.,I agree with this statement.
Love large parties.,I do not agree with this statement.,I agree with this statement.
Make myself the center of attention.,I do not agree with this statement.,I agree with this statement.
Seek adventure.,I do not agree with this statement.,I agree with this statement.
Am easily talked into doing silly things,I do not agree with this statement.,I agree with this statement.
Cheer loudly at sporting events.,I do not agree with this statement.,I agree with this statement.
Prefer going to movies to watching videos at home.,I do not agree with this statement.,I agree with this statement.
Am interested in people.,I do not agree with this statement.,I agree with this statement.
Enjoy bringing people together.,I do not agree with this statement.,I agree with this statement.
Love surprise parties.,I do not agree with this statement.,I agree with this statement.
Am good at making impromptu speeches.,I do not agree with this statement.,I agree with this statement.
Don't mind being the center of attention.,I do not agree with this statement.,I agree with this statement.
Feel comfortable around people.,I do not agree with this statement.,I agree with this statement.
Have a strong personality.,I do not agree with this statement.,I agree with this statement.
Have leadership abilities.,I do not agree with this statement.,I agree with this statement.
Do not feel close to people.,I do not agree with this statement.,I agree with this statement.
Find it difficult to approach others.,I do not agree with this statement.,I agree with this statement.
Keep to myself even when I'm around other people.,I do not agree with this statement.,I agree with this statement.
Rarely enjoy being with people.,I do not agree with this statement.,I agree with this statement.
Am not embarrassed easily.,I do not agree with this statement.,I agree with this statement.
Am skilled in handling social situations.,I do not agree with this statement.,I agree with this statement.
Express myself easily.,I do not agree with this statement.,I agree with this statement.
Am good at making impromptu speeches.,I do not agree with this statement.,I agree with this statement.
Don't mind being the center of attention.,I do not agree with this statement.,I agree with this statement.
Feel comfortable around people.,I do not agree with this statement.,I agree with this statement.
Have a natural talent for influencing people.,I do not agree with this statement.,I agree with this statement.
Am apprehensive about new encounters.,I do not agree with this statement.,I agree with this statement.
Am quiet around strangers.,I do not agree with this statement.,I agree with this statement.
Find it difficult to approach others.,I do not agree with this statement.,I agree with this statement.
Often feel uncomfortable around others.,I do not agree with this statement.,I agree with this statement.
Only feel comfortable with friends.,I do not agree with this statement.,I agree with this statement.
Am able to fit into any situation.,I do not agree with this statement.,I agree with this statement.
Am good at sensing what others are feeling.,I do not agree with this statement.,I agree with this statement.
Get along well with people I have just met.,I do not agree with this statement.,I agree with this statement.
Have the ability to make others feel interesting.,I do not agree with this statement.,I agree with this statement.
Know what makes others tick.,I do not agree with this statement.,I agree with this statement.
Know what to say to make people feel good.,I do not agree with this statement.,I agree with this statement.
Attended a church or religious service.,I do not agree with this statement.,I agree with this statement.
Discussed religion or spirituality.,I do not agree with this statement.,I agree with this statement.
Gave a blessing at a meal.,I do not agree with this statement.,I agree with this statement.
Listened to a religious program on the radio or TV.,I do not agree with this statement.,I agree with this statement.
Prayed (not including blessings at meals).,I do not agree with this statement.,I agree with this statement.
Read a book about religion or spirituality.,I do not agree with this statement.,I agree with this statement.
Read the Bible or other sacred text.,I do not agree with this statement.,I agree with this statement.
Am a spiritual person.,I do not agree with this statement.,I agree with this statement.
Am who I am because of my faith.,I do not agree with this statement.,I agree with this statement.
Believe in a universal power or God.,I do not agree with this statement.,I agree with this statement.
Believe that each person has a purpose in life.,I do not agree with this statement.,I agree with this statement.
Have spent at least 30 minutes in the last 24 hours in prayer or meditation.,I do not agree with this statement.,I agree with this statement.
Keep my faith even during hard times.,I do not agree with this statement.,I agree with this statement.
Know that my beliefs make my life important.,I do not agree with this statement.,I agree with this statement.
Am not easily bothered by things.,I do not agree with this statement.,I agree with this statement.
Am not easily frustrated.,I do not agree with this statement.,I agree with this statement.
Keep my cool.,I do not agree with this statement.,I agree with this statement.
Seldom get mad.,I do not agree with this statement.,I agree with this statement.
Seldom take offense.,I do not agree with this statement.,I agree with this statement.
Trust others.,I do not agree with this statement.,I agree with this statement.
Am not easily annoyed.,I do not agree with this statement.,I agree with this statement.
Am relaxed most of the time.,I do not agree with this statement.,I agree with this statement.
Rarely get irritated.,I do not agree with this statement.,I agree with this statement.
Am easily controlled by others in my life.,I do not agree with this statement.,I agree with this statement.
Let myself be directed by others.,I do not agree with this statement.,I agree with this statement.
Let myself be pushed around.,I do not agree with this statement.,I agree with this statement.
Let others take advantage of me.,I do not agree with this statement.,I agree with this statement.
Need others to help run my life,I do not agree with this statement.,I agree with this statement.
Prefer that others make the major decisions in my life.,I do not agree with this statement.,I agree with this statement.
Dislike being the center of attention,I do not agree with this statement.,I agree with this statement.
Let others finish what they are saying.,I do not agree with this statement.,I agree with this statement.
Seldom toot my own horn.,I do not agree with this statement.,I agree with this statement.
Speak softly.,I do not agree with this statement.,I agree with this statement.
Am concerned about others.,I do not agree with this statement.,I agree with this statement.
Am deeply moved by others' misfortunes.,I do not agree with this statement.,I agree with this statement.
Feel sympathy for those who are worse off than myself.,I do not agree with this statement.,I agree with this statement.
Like to do things for others.,I do not agree with this statement.,I agree with this statement.
Reassure others.,I do not agree with this statement.,I agree with this statement.
Take an interest in other people's lives.,I do not agree with this statement.,I agree with this statement.
Suffer from others' sorrows.,I do not agree with this statement.,I agree with this statement.
Sympathize with the homeless.,I do not agree with this statement.,I agree with this statement.
Value cooperation over competition.,I do not agree with this statement.,I agree with this statement.
Demand to be the center of interest.,I do not agree with this statement.,I agree with this statement.
Do most of the talking.,I do not agree with this statement.,I agree with this statement.
Like to attract attention.,I do not agree with this statement.,I agree with this statement.
Make a lot of noise.,I do not agree with this statement.,I agree with this statement.
Make myself the center of attention.,I do not agree with this statement.,I agree with this statement.
Never stop talking.,I do not agree with this statement.,I agree with this statement.
Speak loudly.,I do not agree with this statement.,I agree with this statement.
Talk too much.,I do not agree with this statement.,I agree with this statement.
Don't miss group meetings or team practices.,I do not agree with this statement.,I agree with this statement.
Enjoy being part of a group.,I do not agree with this statement.,I agree with this statement.
Feel I must respect the decisions made by my group.,I do not agree with this statement.,I agree with this statement.
Support my teammates or fellow group members.,I do not agree with this statement.,I agree with this statement.
Easily resist temptations.,I do not agree with this statement.,I agree with this statement.
Keep my promises.,I do not agree with this statement.,I agree with this statement.
Rarely overindulge.,I do not agree with this statement.,I agree with this statement.
Believe crying helps me feel better.,I do not agree with this statement.,I agree with this statement.
Cherish mementos.,I do not agree with this statement.,I agree with this statement.
Listen to my heart rather than my brain.,I do not agree with this statement.,I agree with this statement.
Love children's movies.,I do not agree with this statement.,I agree with this statement.
Remember my friends' birthdays.,I do not agree with this statement.,I agree with this statement.
Show my feelings.,I do not agree with this statement.,I agree with this statement.
Suffer from others' sorrows.,I do not agree with this statement.,I agree with this statement.
Want to mean something to others.,I do not agree with this statement.,I agree with this statement.
Want to please others.,I do not agree with this statement.,I agree with this statement.
Stick to the rules.,I do not agree with this statement.,I agree with this statement.
Would never go hang gliding or bungee jumping.,I do not agree with this statement.,I agree with this statement.
Acknowledge others' accomplishments.,I do not agree with this statement.,I agree with this statement.
Sympathize with the homeless.,I do not agree with this statement.,I agree with this statement.
Seldom stretch the truth,I do not agree with this statement.,I agree with this statement.
Take things as they come,I do not agree with this statement.,I agree with this statement.
Think of others first,I do not agree with this statement.,I agree with this statement.
Tolerate a lot from others.,I do not agree with this statement.,I agree with this statement.
Am open to change.,I do not agree with this statement.,I agree with this statement.
Believe in equality between all races.,I do not agree with this statement.,I agree with this statement.
Try to forgive and forget.,I do not agree with this statement.,I agree with this statement.
Understand people who think differently.,I do not agree with this statement.,I agree with this statement.
Accept people as they are.,I do not agree with this statement.,I agree with this statement.
Believe that others have good intentions.,I do not agree with this statement.,I agree with this statement.
Believe there are many sides to most issues.,I do not agree with this statement.,I agree with this statement.
Can accept a lot from others.,I do not agree with this statement.,I agree with this statement.
Respect others.,I do not agree with this statement.,I agree with this statement.
Am calm even in tense situations.,I do not agree with this statement.,I agree with this statement.
Can stand criticism.,I do not agree with this statement.,I agree with this statement.
Don't lose my head.,I do not agree with this statement.,I agree with this statement.
Know how to cope.,I do not agree with this statement.,I agree with this statement.
Am not embarrassed easily.,I do not agree with this statement.,I agree with this statement.
Automatically take charge.,I do not agree with this statement.,I agree with this statement.
Quickly recognize possibilities.,I do not agree with this statement.,I agree with this statement.
Remain calm under pressure.,I do not agree with this statement.,I agree with this statement.
Want to be in charge.,I do not agree with this statement.,I agree with this statement.
Am devoted to religion.,I do not agree with this statement.,I agree with this statement.
Believe in one true religion.,I do not agree with this statement.,I agree with this statement.
Believe in sexual modesty.,I do not agree with this statement.,I agree with this statement.
Believe that we should be tough on crime.,I do not agree with this statement.,I agree with this statement.
Guide my life using religious scriptures.,I do not agree with this statement.,I agree with this statement.
Like to stand during the national anthem.,I do not agree with this statement.,I agree with this statement.
Tend to vote for conservative political candidates.,I do not agree with this statement.,I agree with this statement.
Am always in the same mood.,I do not agree with this statement.,I agree with this statement.
Am not disturbed by events.,I do not agree with this statement.,I agree with this statement.
Am not easily stirred.,I do not agree with this statement.,I agree with this statement.
Am relaxed most of the time.,I do not agree with this statement.,I agree with this statement.
Experience very few emotional highs and lows.,I do not agree with this statement.,I agree with this statement.
Rarely notice my emotional reactions.,I do not agree with this statement.,I agree with this statement.
Tend to feel the same every day.,I do not agree with this statement.,I agree with this statement.
Believe in human goodness.,I do not agree with this statement.,I agree with this statement.
Trust others.,I do not agree with this statement.,I agree with this statement.
Trust what people say.,I do not agree with this statement.,I agree with this statement.
Believe that others have good intentions.,I do not agree with this statement.,I agree with this statement.
Believe that people are basically moral.,I do not agree with this statement.,I agree with this statement.
Think that all will be well.,I do not agree with this statement.,I agree with this statement.
Acknowledge others' accomplishments.,I do not agree with this statement.,I agree with this statement.
Am nice to store clerks.,I do not agree with this statement.,I agree with this statement.
Like to be of service to others.,I do not agree with this statement.,I agree with this statement.
Try to maintain a pleasant atmosphere.,I do not agree with this statement.,I agree with this statement.
Am considered to be kind of eccentric.,I do not agree with this statement.,I agree with this statement.
Do things that others find strange.,I do not agree with this statement.,I agree with this statement.
Know that my ideas sometimes surprise people.,I do not agree with this statement.,I agree with this statement.
Rebel against authority.,I do not agree with this statement.,I agree with this statement.
Swim against the current.,I do not agree with this statement.,I agree with this statement.
Appreciate the viewpoints of others.,I do not agree with this statement.,I agree with this statement.
Like to be of service to others.,I do not agree with this statement.,I agree with this statement.
Respect others' feelings.,I do not agree with this statement.,I agree with this statement.
Sympathize with others' feelings.,I do not agree with this statement.,I agree with this statement.
Take others' interests into account.,I do not agree with this statement.,I agree with this statement.
Always admit it when I make a mistake.,I do not agree with this statement.,I agree with this statement.
Always know what I am doing.,I do not agree with this statement.,I agree with this statement.
Always know why I do things.,I do not agree with this statement.,I agree with this statement.
Am always prepared.,I do not agree with this statement.,I agree with this statement.
Am always ready to start afresh.,I do not agree with this statement.,I agree with this statement.
Believe there is never an excuse for lying.,I do not agree with this statement.,I agree with this statement.
Have never engaged in gossip.,I do not agree with this statement.,I agree with this statement.
Know immediately what to do.,I do not agree with this statement.,I agree with this statement.
Know that anyone who tries can get a job.,I do not agree with this statement.,I agree with this statement.
Never give up hope.,I do not agree with this statement.,I agree with this statement.
Never give up.,I do not agree with this statement.,I agree with this statement.
Will do anything for others.,I do not agree with this statement.,I agree with this statement.
Am not concerned with making a good impression.,I do not agree with this statement.,I agree with this statement.
Don't care whether I'm considered special.,I do not agree with this statement.,I agree with this statement.
Feel at times that I have left my body and am somehow outside my physical self.,I do not agree with this statement.,I agree with this statement.
Have had the feeling that I might not be human.,I do not agree with this statement.,I agree with this statement.
Have had the feeling that I was someone else.,I do not agree with this statement.,I agree with this statement.
Hear voices talking about me when nobody is really there.,I do not agree with this statement.,I agree with this statement.
"I feel as if my body, or a part of it, has disappeared.",I do not agree with this statement.,I agree with this statement.
See strange figures or visions when nothing is really there.,I do not agree with this statement.,I agree with this statement.
Sometimes think the TV is talking directly to me.,I do not agree with this statement.,I agree with this statement.
Prefer variety to routine.,I do not agree with this statement.,I agree with this statement.
Seek adventure.,I do not agree with this statement.,I agree with this statement.
Try out new things.,I do not agree with this statement.,I agree with this statement.
Am open to change.,I do not agree with this statement.,I agree with this statement.
Enjoy hearing new ideas.,I do not agree with this statement.,I agree with this statement.
Like to begin new things.,I do not agree with this statement.,I agree with this statement.
Like to visit new places.,I do not agree with this statement.,I agree with this statement.
Love to think up new ways of doing things.,I do not agree with this statement.,I agree with this statement.
Have a lot of fun.,I do not agree with this statement.,I agree with this statement.
Laugh a lot.,I do not agree with this statement.,I agree with this statement.
Make friends easily.,I do not agree with this statement.,I agree with this statement.
Show my feelings when I'm happy.,I do not agree with this statement.,I agree with this statement.
Warm up quickly to others.,I do not agree with this statement.,I agree with this statement.
Awaken with a sense of excitement about the day's possibilities.,I do not agree with this statement.,I agree with this statement.
Can hardly wait to see what life has in store for me in the years ahead.,I do not agree with this statement.,I agree with this statement.
Can't wait to get started on a project.,I do not agree with this statement.,I agree with this statement.
Don't approach things halfheartedly.,I do not agree with this statement.,I agree with this statement.
Look forward to each new day.,I do not agree with this statement.,I agree with this statement.
Love what I do.,I do not agree with this statement.,I agree with this statement.
Prefer to participate fully rather than view life from the sidelines.,I do not agree with this statement.,I agree with this statement.
Become overwhelmed by events.,I do not agree with this statement.,I agree with this statement.
Can't make up my mind.,I do not agree with this statement.,I agree with this statement.
Feel that I'm unable to deal with things.,I do not agree with this statement.,I agree with this statement.
Get overwhelmed by emotions.,I do not agree with this statement.,I agree with this statement.
Panic easily.,I do not agree with this statement.,I agree with this statement.
Cheer people up.,I do not agree with this statement.,I agree with this statement.
Enjoy bringing people together.,I do not agree with this statement.,I agree with this statement.
Feel others' emotions.,I do not agree with this statement.,I agree with this statement.
Know how to comfort others.,I do not agree with this statement.,I agree with this statement.
Make people feel at ease.,I do not agree with this statement.,I agree with this statement.
Take an interest in other people's lives.,I do not agree with this statement.,I agree with this statement.
Take time out for others.,I do not agree with this statement.,I agree with this statement.
Am interested in people.,I do not agree with this statement.,I agree with this statement.
Inquire about others' well-being.,I do not agree with this statement.,I agree with this statement.
Make others feel good.,I do not agree with this statement.,I agree with this statement.
Make people feel welcome.,I do not agree with this statement.,I agree with this statement.
Show my gratitude.,I do not agree with this statement.,I agree with this statement.
Am interested in people,I do not agree with this statement.,I agree with this statement.
Get along well with others,I do not agree with this statement.,I agree with this statement.
Inquire about others' well-being.,I do not agree with this statement.,I agree with this statement.
Reassure others,I do not agree with this statement.,I agree with this statement.
Am considered to be a wise person.,I do not agree with this statement.,I agree with this statement.
Consider myself to be a wise person.,I do not agree with this statement.,I agree with this statement.
Have a broad outlook on what is going on.,I do not agree with this statement.,I agree with this statement.
Have a mature view on life.,I do not agree with this statement.,I agree with this statement.
Have an excellent view of the world.,I do not agree with this statement.,I agree with this statement.
Have been described as wise beyond my years.,I do not agree with this statement.,I agree with this statement.
"Am a workaholic, with little time for fun or pleasure.",I do not agree with this statement.,I agree with this statement.
Have noticed that I put my work ahead of too many other things.,I do not agree with this statement.,I agree with this statement.
Work longer hours than most people.,I do not agree with this statement.,I agree with this statement.
Work so hard that my relationships have suffered.,I do not agree with this statement.,I agree with this statement.
Work too much.,I do not agree with this statement.,I agree with this statement.
